-- MySQL dump 10.13  Distrib 5.7.17, for Win64 (x86_64)
--
-- Host: robot1    Database: scouting
-- ------------------------------------------------------
-- Server version	5.5.59-0ubuntu0.14.04.1

/*!40101 SET @OLD_CHARACTER_SET_CLIENT=@@CHARACTER_SET_CLIENT */;
/*!40101 SET @OLD_CHARACTER_SET_RESULTS=@@CHARACTER_SET_RESULTS */;
/*!40101 SET @OLD_COLLATION_CONNECTION=@@COLLATION_CONNECTION */;
/*!40101 SET NAMES utf8 */;
/*!40103 SET @OLD_TIME_ZONE=@@TIME_ZONE */;
/*!40103 SET TIME_ZONE='+00:00' */;
/*!40014 SET @OLD_UNIQUE_CHECKS=@@UNIQUE_CHECKS, UNIQUE_CHECKS=0 */;
/*!40014 SET @OLD_FOREIGN_KEY_CHECKS=@@FOREIGN_KEY_CHECKS, FOREIGN_KEY_CHECKS=0 */;
/*!40101 SET @OLD_SQL_MODE=@@SQL_MODE, SQL_MODE='NO_AUTO_VALUE_ON_ZERO' */;
/*!40111 SET @OLD_SQL_NOTES=@@SQL_NOTES, SQL_NOTES=0 */;

--
-- Table structure for table `event`
--

DROP TABLE IF EXISTS `event`;
/*!40101 SET @saved_cs_client     = @@character_set_client */;
/*!40101 SET character_set_client = utf8 */;
CREATE TABLE `event` (
  `id` int(11) NOT NULL AUTO_INCREMENT,
  `name` varchar(100) NOT NULL,
  `city` varchar(100) NOT NULL,
  `state` char(2) NOT NULL,
  `start_date` date NOT NULL,
  `current` tinyint(4) NOT NULL DEFAULT '0',
  `active` tinyint(4) NOT NULL DEFAULT '0',
  PRIMARY KEY (`id`)
) ENGINE=InnoDB AUTO_INCREMENT=6 DEFAULT CHARSET=utf8;
/*!40101 SET character_set_client = @saved_cs_client */;

--
-- Dumping data for table `event`
--

LOCK TABLES `event` WRITE;
/*!40000 ALTER TABLE `event` DISABLE KEYS */;
INSERT INTO `event` VALUES (1,'test','test','MN','2018-01-31',0,0),(2,'Lake Superior Regional 2018','Duluth','MN','2018-03-10',0,0),(3,'Northern Lights Regional 2018','Duluth','MN','2018-03-10',0,0),(4,'Iowa Regional','Cedar Falls','IA','2018-03-21',1,1),(5,'Minnesota North Star Regional','Minneapolis','MN','2018-03-28',0,0);
/*!40000 ALTER TABLE `event` ENABLE KEYS */;
UNLOCK TABLES;

--
-- Table structure for table `event_survey`
--

DROP TABLE IF EXISTS `event_survey`;
/*!40101 SET @saved_cs_client     = @@character_set_client */;
/*!40101 SET character_set_client = utf8 */;
CREATE TABLE `event_survey` (
  `event_id` int(11) NOT NULL,
  `survey_id` int(11) NOT NULL,
  PRIMARY KEY (`event_id`,`survey_id`),
  KEY `fk_event_has_survey_survey1_idx` (`survey_id`),
  KEY `fk_event_has_survey_event1_idx` (`event_id`),
  CONSTRAINT `fk_event_has_survey_event1` FOREIGN KEY (`event_id`) REFERENCES `event` (`id`) ON DELETE NO ACTION ON UPDATE NO ACTION,
  CONSTRAINT `fk_event_has_survey_survey1` FOREIGN KEY (`survey_id`) REFERENCES `survey` (`id`) ON DELETE NO ACTION ON UPDATE NO ACTION
) ENGINE=InnoDB DEFAULT CHARSET=utf8;
/*!40101 SET character_set_client = @saved_cs_client */;

--
-- Dumping data for table `event_survey`
--

LOCK TABLES `event_survey` WRITE;
/*!40000 ALTER TABLE `event_survey` DISABLE KEYS */;
INSERT INTO `event_survey` VALUES (1,1),(2,1),(3,1),(4,1),(5,1),(1,2),(2,2),(3,2),(4,2),(5,2);
/*!40000 ALTER TABLE `event_survey` ENABLE KEYS */;
UNLOCK TABLES;

--
-- Table structure for table `matchup`
--

DROP TABLE IF EXISTS `matchup`;
/*!40101 SET @saved_cs_client     = @@character_set_client */;
/*!40101 SET character_set_client = utf8 */;
CREATE TABLE `matchup` (
  `id` int(11) NOT NULL AUTO_INCREMENT,
  `event_id` int(11) NOT NULL,
  `start_time` datetime NOT NULL,
  `match_number` int(11) NOT NULL,
  `type` varchar(45) NOT NULL COMMENT 'The match type describes if this is a regular, semi-final, or final match round.',
  PRIMARY KEY (`id`),
  UNIQUE KEY `matchup_uk1` (`event_id`,`match_number`,`type`),
  KEY `fk_Match_Event1_idx` (`event_id`),
  CONSTRAINT `fk_Match_Event1` FOREIGN KEY (`event_id`) REFERENCES `event` (`id`) ON DELETE NO ACTION ON UPDATE NO ACTION
) ENGINE=InnoDB AUTO_INCREMENT=273 DEFAULT CHARSET=utf8;
/*!40101 SET character_set_client = @saved_cs_client */;

--
-- Dumping data for table `matchup`
--

LOCK TABLES `matchup` WRITE;
/*!40000 ALTER TABLE `matchup` DISABLE KEYS */;
INSERT INTO `matchup` VALUES (1,1,'2018-02-23 14:57:00',-1,'pit'),(2,2,'2018-03-10 12:04:00',-1,'pit'),(3,3,'2018-03-10 11:55:00',-1,'pit'),(4,4,'2018-03-22 11:55:00',-1,'pit'),(5,5,'2018-03-29 11:55:00',-1,'pit'),(84,1,'2018-02-23 14:57:00',13,'qualifier'),(85,2,'2018-03-09 17:01:00',61,'qualifier'),(86,2,'2018-03-09 17:08:00',62,'qualifier'),(87,2,'2018-03-09 17:15:00',63,'qualifier'),(88,2,'2018-03-09 17:22:00',64,'qualifier'),(89,2,'2018-03-09 17:28:00',65,'qualifier'),(90,2,'2018-03-09 17:35:00',66,'qualifier'),(91,2,'2018-03-10 09:02:00',67,'qualifier'),(92,2,'2018-03-10 09:09:00',68,'qualifier'),(93,2,'2018-03-10 09:16:00',69,'qualifier'),(94,2,'2018-03-10 09:23:00',70,'qualifier'),(95,2,'2018-03-10 09:30:00',71,'qualifier'),(96,2,'2018-03-10 09:37:00',72,'qualifier'),(97,2,'2018-03-10 09:44:00',73,'qualifier'),(98,2,'2018-03-10 09:51:00',74,'qualifier'),(99,2,'2018-03-10 09:58:00',75,'qualifier'),(100,2,'2018-03-10 10:05:00',76,'qualifier'),(101,2,'2018-03-10 10:12:00',77,'qualifier'),(102,2,'2018-03-10 10:19:00',78,'qualifier'),(103,2,'2018-03-10 10:26:00',79,'qualifier'),(104,2,'2018-03-10 10:33:00',80,'qualifier'),(105,2,'2018-03-10 10:40:00',81,'qualifier'),(106,2,'2018-03-10 10:47:00',82,'qualifier'),(107,2,'2018-03-10 10:54:00',83,'qualifier'),(108,2,'2018-03-10 11:01:00',84,'qualifier'),(109,2,'2018-03-10 11:08:00',85,'qualifier'),(110,2,'2018-03-10 11:15:00',86,'qualifier'),(111,2,'2018-03-10 11:22:00',87,'qualifier'),(112,2,'2018-03-10 11:29:00',88,'qualifier'),(113,2,'2018-03-10 11:36:00',89,'qualifier'),(114,2,'2018-03-10 11:43:00',90,'qualifier'),(115,2,'2018-03-10 11:50:00',91,'qualifier'),(116,2,'2018-03-10 11:57:00',92,'qualifier'),(117,2,'2018-03-10 12:04:00',93,'qualifier'),(151,3,'2018-03-09 17:10:00',58,'qualifier'),(152,3,'2018-03-09 17:17:00',59,'qualifier'),(153,3,'2018-03-09 17:24:00',60,'qualifier'),(154,3,'2018-03-09 17:32:00',61,'qualifier'),(155,3,'2018-03-09 17:39:00',62,'qualifier'),(156,3,'2018-03-10 09:07:00',63,'qualifier'),(157,3,'2018-03-10 09:14:00',64,'qualifier'),(158,3,'2018-03-10 09:21:00',65,'qualifier'),(159,3,'2018-03-10 09:28:00',66,'qualifier'),(160,3,'2018-03-10 09:35:00',67,'qualifier'),(161,3,'2018-03-10 09:42:00',68,'qualifier'),(162,3,'2018-03-10 09:49:00',69,'qualifier'),(163,3,'2018-03-10 09:56:00',70,'qualifier'),(164,3,'2018-03-10 10:03:00',71,'qualifier'),(165,3,'2018-03-10 10:10:00',72,'qualifier'),(166,3,'2018-03-10 10:17:00',73,'qualifier'),(167,3,'2018-03-10 10:24:00',74,'qualifier'),(168,3,'2018-03-10 10:31:00',75,'qualifier'),(169,3,'2018-03-10 10:38:00',76,'qualifier'),(170,3,'2018-03-10 10:45:00',77,'qualifier'),(171,3,'2018-03-10 10:52:00',78,'qualifier'),(172,3,'2018-03-10 10:59:00',79,'qualifier'),(173,3,'2018-03-10 11:06:00',80,'qualifier'),(174,3,'2018-03-10 11:13:00',81,'qualifier'),(175,3,'2018-03-10 11:20:00',82,'qualifier'),(176,3,'2018-03-10 11:27:00',83,'qualifier'),(177,3,'2018-03-10 11:34:00',84,'qualifier'),(178,3,'2018-03-10 11:41:00',85,'qualifier'),(179,3,'2018-03-10 11:48:00',86,'qualifier'),(180,3,'2018-03-10 11:55:00',87,'qualifier'),(181,4,'2018-03-22 08:57:00',1,'qualifier'),(182,4,'2018-03-22 09:04:00',2,'qualifier'),(183,4,'2018-03-22 09:11:00',3,'qualifier'),(184,4,'2018-03-22 09:18:00',4,'qualifier'),(185,4,'2018-03-22 09:25:00',5,'qualifier'),(186,4,'2018-03-22 09:32:00',6,'qualifier'),(187,4,'2018-03-22 09:39:00',7,'qualifier'),(188,4,'2018-03-22 09:46:00',8,'qualifier'),(189,4,'2018-03-22 09:53:00',9,'qualifier'),(190,4,'2018-03-22 10:00:00',10,'qualifier'),(191,4,'2018-03-22 10:07:00',11,'qualifier'),(192,4,'2018-03-22 10:14:00',12,'qualifier'),(193,4,'2018-03-22 10:21:00',13,'qualifier'),(194,4,'2018-03-22 10:28:00',14,'qualifier'),(195,4,'2018-03-22 10:35:00',15,'qualifier'),(196,4,'2018-03-22 10:42:00',16,'qualifier'),(197,4,'2018-03-22 10:49:00',17,'qualifier'),(198,4,'2018-03-22 10:56:00',18,'qualifier'),(199,4,'2018-03-22 11:03:00',19,'qualifier'),(200,4,'2018-03-22 11:10:00',20,'qualifier'),(201,4,'2018-03-22 11:17:00',21,'qualifier'),(202,4,'2018-03-22 11:24:00',22,'qualifier'),(203,4,'2018-03-22 11:31:00',23,'qualifier'),(204,4,'2018-03-22 11:38:00',24,'qualifier'),(205,4,'2018-03-22 11:45:00',25,'qualifier'),(206,4,'2018-03-22 11:52:00',26,'qualifier'),(207,4,'2018-03-22 11:59:00',27,'qualifier'),(208,4,'2018-03-22 12:46:00',28,'qualifier'),(209,4,'2018-03-22 12:53:00',29,'qualifier'),(210,4,'2018-03-22 13:00:00',30,'qualifier'),(211,4,'2018-03-22 13:07:00',31,'qualifier'),(212,4,'2018-03-22 13:14:00',32,'qualifier'),(213,4,'2018-03-22 13:21:00',33,'qualifier'),(214,4,'2018-03-22 13:28:00',34,'qualifier'),(215,4,'2018-03-22 13:35:00',35,'qualifier'),(216,4,'2018-03-22 13:42:00',36,'qualifier'),(217,4,'2018-03-22 13:49:00',37,'qualifier'),(218,4,'2018-03-22 13:56:00',38,'qualifier'),(219,4,'2018-03-22 14:03:00',39,'qualifier'),(220,4,'2018-03-22 14:10:00',40,'qualifier'),(221,4,'2018-03-22 14:17:00',41,'qualifier'),(222,4,'2018-03-22 14:24:00',42,'qualifier'),(223,4,'2018-03-22 14:31:00',43,'qualifier'),(224,4,'2018-03-22 14:38:00',44,'qualifier'),(225,4,'2018-03-22 14:45:00',45,'qualifier'),(226,4,'2018-03-22 14:52:00',46,'qualifier'),(227,4,'2018-03-22 14:59:00',47,'qualifier'),(228,4,'2018-03-22 15:06:00',48,'qualifier'),(229,4,'2018-03-22 15:13:00',49,'qualifier'),(230,4,'2018-03-22 15:20:00',50,'qualifier'),(231,4,'2018-03-22 15:27:00',51,'qualifier'),(232,4,'2018-03-22 15:34:00',52,'qualifier'),(233,4,'2018-03-22 15:41:00',53,'qualifier'),(234,4,'2018-03-22 15:48:00',54,'qualifier'),(235,4,'2018-03-22 15:55:00',55,'qualifier'),(236,4,'2018-03-22 16:02:00',56,'qualifier'),(237,4,'2018-03-22 16:09:00',57,'qualifier'),(238,4,'2018-03-22 16:16:00',58,'qualifier'),(239,4,'2018-03-22 16:23:00',59,'qualifier'),(240,4,'2018-03-22 16:30:00',60,'qualifier'),(241,4,'2018-03-22 16:37:00',61,'qualifier'),(242,4,'2018-03-22 16:44:00',62,'qualifier'),(243,4,'2018-03-22 16:51:00',63,'qualifier'),(244,4,'2018-03-22 16:58:00',64,'qualifier'),(245,4,'2018-03-22 17:05:00',65,'qualifier'),(246,4,'2018-03-22 17:12:00',66,'qualifier'),(247,4,'2018-03-22 17:19:00',67,'qualifier'),(248,4,'2018-03-22 17:26:00',68,'qualifier'),(249,4,'2018-03-22 17:33:00',69,'qualifier'),(250,4,'2018-03-23 08:56:00',70,'qualifier'),(251,4,'2018-03-23 09:03:00',71,'qualifier'),(252,4,'2018-03-23 09:10:00',72,'qualifier'),(253,4,'2018-03-23 09:17:00',73,'qualifier'),(254,4,'2018-03-23 09:24:00',74,'qualifier'),(255,4,'2018-03-23 09:31:00',75,'qualifier'),(256,4,'2018-03-23 09:38:00',76,'qualifier'),(257,4,'2018-03-23 09:45:00',77,'qualifier'),(258,4,'2018-03-23 09:52:00',78,'qualifier'),(259,4,'2018-03-23 09:59:00',79,'qualifier'),(260,4,'2018-03-23 10:06:00',80,'qualifier'),(261,4,'2018-03-23 10:13:00',81,'qualifier'),(262,4,'2018-03-23 10:20:00',82,'qualifier'),(263,4,'2018-03-23 10:27:00',83,'qualifier'),(264,4,'2018-03-23 10:34:00',84,'qualifier'),(265,4,'2018-03-23 10:41:00',85,'qualifier'),(266,4,'2018-03-23 10:48:00',86,'qualifier'),(267,4,'2018-03-23 10:55:00',87,'qualifier'),(268,4,'2018-03-23 11:02:00',88,'qualifier'),(269,4,'2018-03-23 11:09:00',89,'qualifier'),(270,4,'2018-03-23 11:16:00',90,'qualifier'),(271,4,'2018-03-23 11:23:00',91,'qualifier'),(272,4,'2018-03-23 11:40:00',92,'qualifier');
/*!40000 ALTER TABLE `matchup` ENABLE KEYS */;
UNLOCK TABLES;

--
-- Table structure for table `question`
--

DROP TABLE IF EXISTS `question`;
/*!40101 SET @saved_cs_client     = @@character_set_client */;
/*!40101 SET character_set_client = utf8 */;
CREATE TABLE `question` (
  `id` int(11) NOT NULL AUTO_INCREMENT,
  `question_type_id` int(11) NOT NULL,
  `survey_section_id` int(11) NOT NULL,
  `sequence` int(11) NOT NULL,
  `question` varchar(400) NOT NULL,
  PRIMARY KEY (`id`),
  KEY `fk_Question_QuestionType1_idx` (`question_type_id`),
  KEY `fk_question_survey_section1_idx` (`survey_section_id`),
  CONSTRAINT `fk_Question_QuestionType1` FOREIGN KEY (`question_type_id`) REFERENCES `question_type` (`id`) ON DELETE NO ACTION ON UPDATE NO ACTION,
  CONSTRAINT `fk_question_survey_section1` FOREIGN KEY (`survey_section_id`) REFERENCES `survey_section` (`id`) ON DELETE NO ACTION ON UPDATE NO ACTION
) ENGINE=InnoDB AUTO_INCREMENT=65 DEFAULT CHARSET=utf8;
/*!40101 SET character_set_client = @saved_cs_client */;

--
-- Dumping data for table `question`
--

LOCK TABLES `question` WRITE;
/*!40000 ALTER TABLE `question` DISABLE KEYS */;
INSERT INTO `question` VALUES (1,1,1,1,'Auto (moved)'),(2,1,1,2,'Cross Line'),(3,2,1,5,'Power Cube on Switch - Succeed'),(4,2,1,7,'Power Cube on Scale - Succeed'),(5,2,1,8,'Power Cubes in Exchange'),(6,2,2,10,'Power Cube on Switch - Attempt'),(7,2,2,12,'Power Cube on Switch - Succeed'),(8,2,2,13,'Power Cube on Scale - Attempt'),(9,2,2,14,'Power Cube on Scale - Succeed'),(10,2,2,15,'Power Cube on Opponent Switch - Attempt'),(11,2,2,16,'Power Cube on Opponent Switch - Succeed'),(12,2,2,17,'Cubes in Exchange'),(13,2,2,18,'Cubes from Portal - Attempt'),(14,1,3,19,'Got on Pad'),(15,6,3,20,'Climb'),(19,3,4,21,'Force - cube count'),(20,3,4,22,'Levitate	- cube count'),(21,3,4,24,'Boost - cube count'),(22,2,5,32,'Alliance Score'),(23,4,5,33,'Game Outcome'),(26,2,5,34,'Fouls'),(27,2,5,35,'Tech Fouls'),(28,1,5,36,'Yellow Card'),(29,1,5,37,'Red Card'),(30,5,5,39,'Comments'),(31,2,2,14,'Cubes from Portal - Succeed'),(32,1,6,40,'No Show'),(33,1,6,41,'Broken'),(34,1,6,42,'Died'),(35,1,6,43,'Fell Over'),(36,1,4,21,'Force Activated'),(37,1,4,23,'Levitate Activated'),(38,1,4,25,'Boost Activated'),(39,5,7,1,'Drive Train'),(40,7,7,2,'Vision System'),(41,8,7,3,'What type of vision system'),(42,1,8,1,'Cross Baseline'),(43,1,8,2,'Put Cube on Switch'),(44,1,8,3,'Put Cube on Scale'),(45,1,8,4,'Put Cube in Exchange'),(46,1,11,1,'Put Cube on Switch'),(47,1,11,2,'Put Cube on Scale'),(48,1,11,3,'Put Cube in Exchange'),(49,1,11,4,'Take Cube from Portal'),(50,7,9,1,'Can it climb'),(51,5,9,2,'How does it climb, mechanism:'),(52,1,9,3,'Assist others in climbing'),(53,5,9,4,'How does it assist:'),(54,7,11,6,'Defensive'),(55,5,11,7,'Vault Goals'),(56,1,10,1,'Willing to change'),(57,5,10,2,'General Strategy'),(59,5,10,3,'Additional Notes'),(60,9,10,4,'Team Feel'),(61,2,1,4,'Power Cube on Switch - Attempt'),(62,2,1,6,'Power Cube on Scale - Attemp'),(63,5,7,4,'Cube retrieval system:'),(64,1,5,38,'The driver/team\'s strategy was good');
/*!40000 ALTER TABLE `question` ENABLE KEYS */;
UNLOCK TABLES;

--
-- Table structure for table `question_type`
--

DROP TABLE IF EXISTS `question_type`;
/*!40101 SET @saved_cs_client     = @@character_set_client */;
/*!40101 SET character_set_client = utf8 */;
CREATE TABLE `question_type` (
  `id` int(11) NOT NULL AUTO_INCREMENT,
  `description` varchar(45) NOT NULL,
  PRIMARY KEY (`id`)
) ENGINE=InnoDB AUTO_INCREMENT=10 DEFAULT CHARSET=utf8;
/*!40101 SET character_set_client = @saved_cs_client */;

--
-- Dumping data for table `question_type`
--

LOCK TABLES `question_type` WRITE;
/*!40000 ALTER TABLE `question_type` DISABLE KEYS */;
INSERT INTO `question_type` VALUES (1,'boolean'),(2,'numeric'),(3,'choice'),(4,'radio'),(5,'text'),(6,'choice'),(7,'choice'),(8,'choice'),(9,'radio');
/*!40000 ALTER TABLE `question_type` ENABLE KEYS */;
UNLOCK TABLES;

--
-- Table structure for table `response`
--

DROP TABLE IF EXISTS `response`;
/*!40101 SET @saved_cs_client     = @@character_set_client */;
/*!40101 SET character_set_client = utf8 */;
CREATE TABLE `response` (
  `id` int(11) NOT NULL AUTO_INCREMENT,
  `question_id` int(11) NOT NULL,
  `team_matchup_id` int(11) NOT NULL,
  `response` varchar(400) NOT NULL,
  `student_id` int(11) NOT NULL,
  PRIMARY KEY (`id`),
  UNIQUE KEY `response_uk1` (`question_id`,`team_matchup_id`),
  KEY `fk_Response_Question1_idx` (`question_id`),
  KEY `fk_Response_TeamMatch1_idx` (`team_matchup_id`),
  KEY `fk_response_student1_idx` (`student_id`),
  CONSTRAINT `fk_Response_Question1` FOREIGN KEY (`question_id`) REFERENCES `question` (`id`) ON DELETE NO ACTION ON UPDATE NO ACTION,
  CONSTRAINT `fk_response_student1` FOREIGN KEY (`student_id`) REFERENCES `student` (`id`) ON DELETE NO ACTION ON UPDATE NO ACTION,
  CONSTRAINT `fk_Response_TeamMatch1` FOREIGN KEY (`team_matchup_id`) REFERENCES `team_matchup` (`id`) ON DELETE NO ACTION ON UPDATE NO ACTION
) ENGINE=InnoDB AUTO_INCREMENT=4796 DEFAULT CHARSET=utf8;
/*!40101 SET character_set_client = @saved_cs_client */;

--
-- Dumping data for table `response`
--

LOCK TABLES `response` WRITE;
/*!40000 ALTER TABLE `response` DISABLE KEYS */;
INSERT INTO `response` VALUES (1,1,936,'false',16),(2,2,936,'true',16),(3,3,936,'1',16),(4,4,936,'',16),(5,5,936,'1',16),(6,6,936,'1',16),(7,7,936,'4',16),(8,8,936,'',16),(9,9,936,'',16),(10,10,936,'',16),(11,11,936,'',16),(12,12,936,'3',16),(13,13,936,'',16),(14,31,936,'',16),(15,14,936,'true',16),(16,15,936,'Assisted Others',16),(17,19,936,'3',16),(18,36,936,'false',16),(19,20,936,'3',16),(20,37,936,'false',16),(21,21,936,'3',16),(22,38,936,'false',16),(23,22,936,'347',16),(24,23,936,'Win',16),(25,26,936,'',16),(26,27,936,'',16),(27,28,936,'false',16),(28,29,936,'false',16),(29,30,936,'This one cannot pick up sideways blocks',16),(30,32,936,'false',16),(31,33,936,'false',16),(32,34,936,'false',16),(33,35,936,'false',16),(34,1,943,'true',15),(35,2,943,'true',15),(36,3,943,'',15),(37,4,943,'',15),(38,5,943,'',15),(39,6,943,'',15),(40,7,943,'',15),(41,8,943,'4',15),(42,9,943,'5',15),(43,10,943,'1',15),(44,11,943,'',15),(45,12,943,'',15),(46,13,943,'',15),(47,31,943,'',15),(48,14,943,'true',15),(49,15,943,'Assisted Others',15),(50,19,943,'0',15),(51,36,943,'false',15),(52,20,943,'0',15),(53,37,943,'false',15),(54,21,943,'0',15),(55,38,943,'false',15),(56,22,943,'233',15),(57,23,943,'',15),(58,26,943,'',15),(59,27,943,'',15),(60,28,943,'false',15),(61,29,943,'false',15),(62,30,943,'Missed a lot',15),(63,32,943,'false',15),(64,33,943,'false',15),(65,34,943,'false',15),(66,35,943,'false',15),(67,1,944,'false',16),(68,2,944,'true',16),(69,3,944,'1',16),(70,4,944,'',16),(71,5,944,'',16),(72,6,944,'',16),(73,7,944,'',16),(74,8,944,'',16),(75,9,944,'',16),(76,10,944,'',16),(77,11,944,'3',16),(78,12,944,'',16),(79,13,944,'1',16),(80,31,944,'3',16),(81,14,944,'true',16),(82,15,944,'Assisted Others',16),(83,19,944,'0',16),(84,36,944,'false',16),(85,20,944,'0',16),(86,37,944,'false',16),(87,21,944,'3',16),(88,38,944,'false',16),(89,22,944,'354',16),(90,23,944,'Win',16),(91,26,944,'',16),(92,27,944,'',16),(93,28,944,'false',16),(94,29,944,'false',16),(95,30,944,'Trouble picking blocks off the ground',16),(96,32,944,'false',16),(97,33,944,'false',16),(98,34,944,'false',16),(99,35,944,'false',16),(100,1,942,'true',11),(101,2,942,'true',11),(102,3,942,'',11),(103,4,942,'',11),(104,5,942,'',11),(105,6,942,'',11),(106,7,942,'',11),(107,8,942,'2',11),(108,9,942,'4',11),(109,10,942,'',11),(110,11,942,'',11),(111,12,942,'',11),(112,13,942,'',11),(113,31,942,'',11),(114,14,942,'true',11),(115,15,942,'Solo',11),(116,19,942,'0',11),(117,36,942,'false',11),(118,20,942,'0',11),(119,37,942,'false',11),(120,21,942,'3',11),(121,38,942,'true',11),(122,22,942,'354',11),(123,23,942,'Win',11),(124,26,942,'',11),(125,27,942,'',11),(126,28,942,'false',11),(127,29,942,'false',11),(128,30,942,'',11),(129,32,942,'false',11),(130,33,942,'false',11),(131,34,942,'false',11),(132,35,942,'false',11),(133,1,941,'true',39),(134,2,941,'true',39),(135,3,941,'0',39),(136,4,941,'0',39),(137,5,941,'0',39),(138,6,941,'',39),(139,7,941,'1',39),(140,8,941,'1',39),(141,9,941,'1',39),(142,10,941,'0',39),(143,11,941,'0',39),(144,12,941,'0',39),(145,13,941,'0',39),(146,31,941,'0',39),(147,14,941,'false',39),(148,15,941,'Assisted Others',39),(149,19,941,'0',39),(150,36,941,'false',39),(151,20,941,'0',39),(152,37,941,'false',39),(153,21,941,'0',39),(154,38,941,'false',39),(155,22,941,'',39),(156,23,941,'Loss',39),(157,26,941,'',39),(158,27,941,'',39),(159,28,941,'false',39),(160,29,941,'false',39),(161,30,941,'',39),(162,32,941,'false',39),(163,33,941,'false',39),(164,34,941,'false',39),(165,35,941,'false',39),(166,1,946,'true',24),(167,2,946,'true',24),(168,3,946,'',24),(169,4,946,'',24),(170,5,946,'',24),(171,6,946,'',24),(172,7,946,'',24),(173,8,946,'',24),(174,9,946,'',24),(175,10,946,'',24),(176,11,946,'',24),(177,12,946,'5',24),(178,13,946,'',24),(179,31,946,'',24),(180,14,946,'true',24),(181,15,946,'Assisted Others',24),(182,19,946,'2',24),(183,36,946,'true',24),(184,20,946,'3',24),(185,37,946,'true',24),(186,21,946,'0',24),(187,38,946,'false',24),(188,22,946,'233',24),(189,23,946,'Loss',24),(190,26,946,'',24),(191,27,946,'',24),(192,28,946,'false',24),(193,29,946,'false',24),(194,30,946,'Did exchange the whole time. It\'s auto is unreliable.',24),(195,32,946,'false',24),(196,33,946,'false',24),(197,34,946,'false',24),(198,35,946,'false',24),(199,1,948,'true',15),(200,2,948,'false',15),(201,3,948,'',15),(202,4,948,'',15),(203,5,948,'',15),(204,6,948,'',15),(205,7,948,'',15),(206,8,948,'3',15),(207,9,948,'',15),(208,10,948,'',15),(209,11,948,'',15),(210,12,948,'2',15),(211,13,948,'',15),(212,31,948,'',15),(213,14,948,'true',15),(214,15,948,'Solo',15),(215,19,948,'0',15),(216,36,948,'false',15),(217,20,948,'3',15),(218,37,948,'true',15),(219,21,948,'2',15),(220,38,948,'true',15),(221,22,948,'3349',15),(222,23,948,'Win',15),(223,26,948,'',15),(224,27,948,'',15),(225,28,948,'false',15),(226,29,948,'false',15),(227,30,948,'Very slow going up missed all attempts',15),(228,32,948,'false',15),(229,33,948,'false',15),(230,34,948,'false',15),(231,35,948,'false',15),(232,1,949,'false',11),(233,2,949,'false',11),(234,3,949,'',11),(235,4,949,'',11),(236,5,949,'',11),(237,6,949,'',11),(238,7,949,'',11),(239,8,949,'',11),(240,9,949,'',11),(241,10,949,'',11),(242,11,949,'',11),(243,12,949,'',11),(244,13,949,'',11),(245,31,949,'',11),(246,14,949,'true',11),(247,15,949,'Solo',11),(248,19,949,'0',11),(249,36,949,'false',11),(250,20,949,'3',11),(251,37,949,'true',11),(252,21,949,'2',11),(253,38,949,'true',11),(254,22,949,'349',11),(255,23,949,'Win',11),(256,26,949,'',11),(257,27,949,'',11),(258,28,949,'false',11),(259,29,949,'false',11),(260,30,949,'Only tried and failed at portal',11),(261,32,949,'false',11),(262,33,949,'false',11),(263,34,949,'false',11),(264,35,949,'false',11),(265,1,950,'false',16),(266,2,950,'true',16),(267,3,950,'1',16),(268,4,950,'',16),(269,5,950,'',16),(270,6,950,'',16),(271,7,950,'',16),(272,8,950,'2',16),(273,9,950,'2',16),(274,10,950,'',16),(275,11,950,'',16),(276,12,950,'',16),(277,13,950,'',16),(278,31,950,'',16),(279,14,950,'true',16),(280,15,950,'Received Assistance',16),(281,19,950,'2',16),(282,36,950,'false',16),(283,20,950,'3',16),(284,37,950,'false',16),(285,21,950,'2',16),(286,38,950,'false',16),(287,22,950,'278',16),(288,23,950,'Loss',16),(289,26,950,'',16),(290,27,950,'',16),(291,28,950,'false',16),(292,29,950,'false',16),(293,30,950,'Pretty ok',16),(294,32,950,'false',16),(295,33,950,'false',16),(296,34,950,'false',16),(297,35,950,'false',16),(298,1,951,'true',39),(299,2,951,'false',39),(300,3,951,'',39),(301,4,951,'',39),(302,5,951,'',39),(303,6,951,'',39),(304,7,951,'',39),(305,8,951,'',39),(306,9,951,'',39),(307,10,951,'',39),(308,11,951,'',39),(309,12,951,'5',39),(310,13,951,'',39),(311,31,951,'',39),(312,14,951,'true',39),(313,15,951,'Used Levitate Power Up',39),(314,19,951,'2',39),(315,36,951,'true',39),(316,20,951,'2',39),(317,37,951,'true',39),(318,21,951,'1',39),(319,38,951,'true',39),(320,22,951,'278',39),(321,23,951,'Loss',39),(322,26,951,'',39),(323,27,951,'',39),(324,28,951,'false',39),(325,29,951,'false',39),(326,30,951,'',39),(327,32,951,'false',39),(328,33,951,'false',39),(329,34,951,'false',39),(330,35,951,'false',39),(331,1,947,'true',24),(332,2,947,'true',24),(333,3,947,'1',24),(334,4,947,'',24),(335,5,947,'',24),(336,6,947,'',24),(337,7,947,'',24),(338,8,947,'',24),(339,9,947,'4',24),(340,10,947,'',24),(341,11,947,'',24),(342,12,947,'',24),(343,13,947,'',24),(344,31,947,'',24),(345,14,947,'true',24),(346,15,947,'Assisted Others',24),(347,19,947,'0',24),(348,36,947,'false',24),(349,20,947,'0',24),(350,37,947,'false',24),(351,21,947,'2',24),(352,38,947,'true',24),(353,22,947,'349',24),(354,23,947,'Win',24),(355,26,947,'',24),(356,27,947,'',24),(357,28,947,'false',24),(358,29,947,'false',24),(359,30,947,'Tried to climb, but another robot hogged the bar.',24),(360,32,947,'false',24),(361,33,947,'false',24),(362,34,947,'false',24),(363,35,947,'false',24),(364,1,952,'false',15),(365,2,952,'true',15),(366,3,952,'',15),(367,4,952,'',15),(368,5,952,'',15),(369,6,952,'',15),(370,7,952,'',15),(371,8,952,'',15),(372,9,952,'',15),(373,10,952,'1',15),(374,11,952,'2',15),(375,12,952,'',15),(376,13,952,'',15),(377,31,952,'',15),(378,14,952,'false',15),(379,15,952,'Assisted Others',15),(380,19,952,'0',15),(381,36,952,'false',15),(382,20,952,'0',15),(383,37,952,'false',15),(384,21,952,'0',15),(385,38,952,'false',15),(386,22,952,'278',15),(387,23,952,'Loss',15),(388,26,952,'',15),(389,27,952,'',15),(390,28,952,'false',15),(391,29,952,'false',15),(392,30,952,'Too bad :( it died',15),(393,32,952,'false',15),(394,33,952,'false',15),(395,34,952,'true',15),(396,35,952,'false',15),(397,1,954,'true',39),(398,2,954,'false',39),(399,3,954,'1',39),(400,4,954,'',39),(401,5,954,'',39),(402,6,954,'',39),(403,7,954,'1',39),(404,8,954,'',39),(405,9,954,'',39),(406,10,954,'',39),(407,11,954,'',39),(408,12,954,'1',39),(409,13,954,'',39),(410,31,954,'',39),(411,14,954,'true',39),(412,15,954,'Used Levitate Power Up',39),(413,19,954,'0',39),(414,36,954,'false',39),(415,20,954,'1',39),(416,37,954,'false',39),(417,21,954,'0',39),(418,38,954,'false',39),(419,22,954,'451',39),(420,23,954,'Win',39),(421,26,954,'',39),(422,27,954,'',39),(423,28,954,'false',39),(424,29,954,'false',39),(425,30,954,'',39),(426,32,954,'false',39),(427,33,954,'false',39),(428,34,954,'false',39),(429,35,954,'false',39),(430,1,955,'true',24),(431,2,955,'true',24),(432,3,955,'',24),(433,4,955,'',24),(434,5,955,'',24),(435,6,955,'',24),(436,7,955,'1',24),(437,8,955,'',24),(438,9,955,'',24),(439,10,955,'',24),(440,11,955,'',24),(441,12,955,'',24),(442,13,955,'',24),(443,31,955,'',24),(444,14,955,'true',24),(445,15,955,'Assisted Others',24),(446,19,955,'0',24),(447,36,955,'false',24),(448,20,955,'0',24),(449,37,955,'false',24),(450,21,955,'0',24),(451,38,955,'false',24),(452,22,955,'125',24),(453,23,955,'Loss',24),(454,26,955,'',24),(455,27,955,'',24),(456,28,955,'false',24),(457,29,955,'false',24),(458,30,955,'Pretty bad',24),(459,32,955,'false',24),(460,33,955,'false',24),(461,34,955,'false',24),(462,35,955,'false',24),(463,1,956,'false',16),(464,2,956,'true',16),(465,3,956,'',16),(466,4,956,'',16),(467,5,956,'',16),(468,6,956,'',16),(469,7,956,'1',16),(470,8,956,'',16),(471,9,956,'',16),(472,10,956,'',16),(473,11,956,'5',16),(474,12,956,'',16),(475,13,956,'',16),(476,31,956,'4',16),(477,14,956,'true',16),(478,15,956,'Assisted Others',16),(479,19,956,'0',16),(480,36,956,'false',16),(481,20,956,'0',16),(482,37,956,'false',16),(483,21,956,'1',16),(484,38,956,'true',16),(485,22,956,'125',16),(486,23,956,'Loss',16),(487,26,956,'',16),(488,27,956,'',16),(489,28,956,'false',16),(490,29,956,'false',16),(491,30,956,'Had trouble with picking up blocks on there side',16),(492,32,956,'false',16),(493,33,956,'false',16),(494,34,956,'false',16),(495,35,956,'false',16),(496,1,957,'true',11),(497,2,957,'false',11),(498,3,957,'2',11),(499,4,957,'',11),(500,5,957,'',11),(501,6,957,'',11),(502,7,957,'1',11),(503,8,957,'',11),(504,9,957,'2',11),(505,10,957,'',11),(506,11,957,'',11),(507,12,957,'',11),(508,13,957,'',11),(509,31,957,'6',11),(510,14,957,'true',11),(511,15,957,'Assisted Others',11),(512,19,957,'0',11),(513,36,957,'false',11),(514,20,957,'0',11),(515,37,957,'false',11),(516,21,957,'0',11),(517,38,957,'false',11),(518,22,957,'451',11),(519,23,957,'Win',11),(520,26,957,'',11),(521,27,957,'',11),(522,28,957,'false',11),(523,29,957,'false',11),(524,30,957,'',11),(525,32,957,'false',11),(526,33,957,'false',11),(527,34,957,'false',11),(528,35,957,'false',11),(529,1,958,'true',26),(530,2,958,'true',26),(531,3,958,'',26),(532,4,958,'',26),(533,5,958,'',26),(534,6,958,'',26),(535,7,958,'',26),(536,8,958,'',26),(537,9,958,'',26),(538,10,958,'',26),(539,11,958,'',26),(540,12,958,'1',26),(541,13,958,'',26),(542,31,958,'',26),(543,14,958,'true',26),(544,15,958,'Assisted Others',26),(545,19,958,'0',26),(546,36,958,'false',26),(547,20,958,'1',26),(548,37,958,'false',26),(549,21,958,'0',26),(550,38,958,'false',26),(551,22,958,'125',26),(552,23,958,'Loss',26),(553,26,958,'',26),(554,27,958,'',26),(555,28,958,'false',26),(556,29,958,'false',26),(557,30,958,'Got stuck in exchange. Didn\'t climb',26),(558,32,958,'false',26),(559,33,958,'false',26),(560,34,958,'false',26),(561,35,958,'false',26),(562,1,960,'false',16),(563,2,960,'true',16),(564,3,960,'',16),(565,4,960,'',16),(566,5,960,'',16),(567,6,960,'',16),(568,7,960,'',16),(569,8,960,'',16),(570,9,960,'',16),(571,10,960,'',16),(572,11,960,'',16),(573,12,960,'2',16),(574,13,960,'',16),(575,31,960,'',16),(576,14,960,'true',16),(577,15,960,'Received Assistance',16),(578,19,960,'0',16),(579,36,960,'false',16),(580,20,960,'0',16),(581,37,960,'false',16),(582,21,960,'3',16),(583,38,960,'true',16),(584,22,960,'296',16),(585,23,960,'Win',16),(586,26,960,'',16),(587,27,960,'',16),(588,28,960,'false',16),(589,29,960,'false',16),(590,30,960,'Very fast, but can\'t grab cubes very well.',16),(591,32,960,'false',16),(592,33,960,'false',16),(593,34,960,'false',16),(594,35,960,'false',16),(595,1,962,'false',15),(596,2,962,'true',15),(597,3,962,'',15),(598,4,962,'',15),(599,5,962,'',15),(600,6,962,'',15),(601,7,962,'3',15),(602,8,962,'',15),(603,9,962,'',15),(604,10,962,'',15),(605,11,962,'',15),(606,12,962,'',15),(607,13,962,'',15),(608,31,962,'',15),(609,14,962,'true',15),(610,15,962,'Assisted Others',15),(611,19,962,'0',15),(612,36,962,'false',15),(613,20,962,'0',15),(614,37,962,'false',15),(615,21,962,'0',15),(616,38,962,'false',15),(617,22,962,'195',15),(618,23,962,'Loss',15),(619,26,962,'',15),(620,27,962,'',15),(621,28,962,'false',15),(622,29,962,'false',15),(623,30,962,'Put one cube on the rim. Very strange',15),(624,32,962,'false',15),(625,33,962,'false',15),(626,34,962,'false',15),(627,35,962,'false',15),(628,1,964,'true',26),(629,2,964,'true',26),(630,3,964,'',26),(631,4,964,'',26),(632,5,964,'',26),(633,6,964,'',26),(634,7,964,'',26),(635,8,964,'',26),(636,9,964,'',26),(637,10,964,'',26),(638,11,964,'',26),(639,12,964,'6',26),(640,13,964,'',26),(641,31,964,'',26),(642,14,964,'true',26),(643,15,964,'Assisted Others',26),(644,19,964,'3',26),(645,36,964,'true',26),(646,20,964,'1',26),(647,37,964,'false',26),(648,21,964,'3',26),(649,38,964,'true',26),(650,22,964,'195',26),(651,23,964,'Loss',26),(652,26,964,'',26),(653,27,964,'',26),(654,28,964,'false',26),(655,29,964,'false',26),(656,30,964,'Started working halfway through the game',26),(657,32,964,'false',26),(658,33,964,'false',26),(659,34,964,'false',26),(660,35,964,'false',26),(661,1,959,'true',15),(662,2,959,'true',15),(663,3,959,'',15),(664,4,959,'',15),(665,5,959,'',15),(666,6,959,'',15),(667,7,959,'',15),(668,8,959,'4',15),(669,9,959,'1',15),(670,10,959,'',15),(671,11,959,'',15),(672,12,959,'',15),(673,13,959,'',15),(674,31,959,'',15),(675,14,959,'true',15),(676,15,959,'Assisted Others',15),(677,19,959,'0',15),(678,36,959,'false',15),(679,20,959,'0',15),(680,37,959,'false',15),(681,21,959,'0',15),(682,38,959,'false',15),(683,22,959,'286',15),(684,23,959,'Win',15),(685,26,959,'',15),(686,27,959,'',15),(687,28,959,'false',15),(688,29,959,'false',15),(689,30,959,'Couldn\'t hold on to cube in auto',15),(690,32,959,'false',15),(691,33,959,'false',15),(692,34,959,'false',15),(693,35,959,'false',15),(694,1,961,'false',7),(695,2,961,'false',7),(696,3,961,'',7),(697,4,961,'',7),(698,5,961,'',7),(699,6,961,'',7),(700,7,961,'3',7),(701,8,961,'',7),(702,9,961,'',7),(703,10,961,'',7),(704,11,961,'',7),(705,12,961,'4',7),(706,13,961,'',7),(707,31,961,'',7),(708,14,961,'true',7),(709,15,961,'Received Assistance',7),(710,19,961,'0',7),(711,36,961,'false',7),(712,20,961,'0',7),(713,37,961,'false',7),(714,21,961,'3',7),(715,38,961,'true',7),(716,22,961,'296',7),(717,23,961,'Win',7),(718,26,961,'',7),(719,27,961,'',7),(720,28,961,'false',7),(721,29,961,'false',7),(722,30,961,'Robot fell off another robot when climbing.',7),(723,32,961,'false',7),(724,33,961,'false',7),(725,34,961,'false',7),(726,35,961,'true',7),(727,1,963,'true',37),(728,2,963,'false',37),(729,3,963,'',37),(730,4,963,'',37),(731,5,963,'',37),(732,6,963,'1',37),(733,7,963,'0',37),(734,8,963,'2',37),(735,9,963,'0',37),(736,10,963,'0',37),(737,11,963,'0',37),(738,12,963,'0',37),(739,13,963,'0',37),(740,31,963,'0',37),(741,14,963,'true',37),(742,15,963,'Assisted Others',37),(743,19,963,'0',37),(744,36,963,'false',37),(745,20,963,'0',37),(746,37,963,'false',37),(747,21,963,'0',37),(748,38,963,'false',37),(749,22,963,'',37),(750,23,963,'',37),(751,26,963,'',37),(752,27,963,'',37),(753,28,963,'false',37),(754,29,963,'false',37),(755,30,963,'Intake rollers didn\'t work well, they had to reposition their box multiple times before giving up on the box and moving to another.',37),(756,32,963,'false',37),(757,33,963,'false',37),(758,34,963,'false',37),(759,35,963,'false',37),(760,1,970,'true',18),(761,2,970,'true',18),(762,3,970,'',18),(763,4,970,'',18),(764,5,970,'',18),(765,6,970,'',18),(766,7,970,'',18),(767,8,970,'',18),(768,9,970,'',18),(769,10,970,'',18),(770,11,970,'',18),(771,12,970,'8',18),(772,13,970,'',18),(773,31,970,'',18),(774,14,970,'false',18),(775,15,970,'Assisted Others',18),(776,19,970,'0',18),(777,36,970,'false',18),(778,20,970,'0',18),(779,37,970,'false',18),(780,21,970,'0',18),(781,38,970,'false',18),(782,22,970,'231',18),(783,23,970,'Loss',18),(784,26,970,'',18),(785,27,970,'',18),(786,28,970,'false',18),(787,29,970,'false',18),(788,30,970,'Didn\'t climb',18),(789,32,970,'false',18),(790,33,970,'false',18),(791,34,970,'false',18),(792,35,970,'false',18),(793,1,966,'true',26),(794,2,966,'true',26),(795,3,966,'1',26),(796,4,966,'',26),(797,5,966,'',26),(798,6,966,'',26),(799,7,966,'',26),(800,8,966,'',26),(801,9,966,'1',26),(802,10,966,'',26),(803,11,966,'1',26),(804,12,966,'6',26),(805,13,966,'',26),(806,31,966,'',26),(807,14,966,'true',26),(808,15,966,'Solo',26),(809,19,966,'3',26),(810,36,966,'true',26),(811,20,966,'3',26),(812,37,966,'true',26),(813,21,966,'0',26),(814,38,966,'false',26),(815,22,966,'474',26),(816,23,966,'Win',26),(817,26,966,'',26),(818,27,966,'',26),(819,28,966,'false',26),(820,29,966,'false',26),(821,30,966,'Solo climb attempt',26),(822,32,966,'false',26),(823,33,966,'false',26),(824,34,966,'false',26),(825,35,966,'false',26),(826,1,965,'true',37),(827,2,965,'true',37),(828,3,965,'1',37),(829,4,965,'',37),(830,5,965,'',37),(831,6,965,'2',37),(832,7,965,'2',37),(833,8,965,'1',37),(834,9,965,'1',37),(835,10,965,'',37),(836,11,965,'',37),(837,12,965,'',37),(838,13,965,'',37),(839,31,965,'',37),(840,14,965,'true',37),(841,15,965,'Assisted Others',37),(842,19,965,'0',37),(843,36,965,'false',37),(844,20,965,'0',37),(845,37,965,'false',37),(846,21,965,'0',37),(847,38,965,'false',37),(848,22,965,'',37),(849,23,965,'',37),(850,26,965,'',37),(851,27,965,'',37),(852,28,965,'false',37),(853,29,965,'false',37),(854,30,965,'Intake rollers were good, but the box barely fit and got stuck sometimes. The robot was really stable while running.',37),(855,32,965,'false',37),(856,33,965,'false',37),(857,34,965,'false',37),(858,35,965,'false',37),(859,1,968,'false',16),(860,2,968,'true',16),(861,3,968,'',16),(862,4,968,'',16),(863,5,968,'',16),(864,6,968,'',16),(865,7,968,'',16),(866,8,968,'',16),(867,9,968,'',16),(868,10,968,'1',16),(869,11,968,'3',16),(870,12,968,'',16),(871,13,968,'2',16),(872,31,968,'2',16),(873,14,968,'true',16),(874,15,968,'Used Levitate Power Up',16),(875,19,968,'0',16),(876,36,968,'false',16),(877,20,968,'3',16),(878,37,968,'true',16),(879,21,968,'3',16),(880,38,968,'true',16),(881,22,968,'474',16),(882,23,968,'Win',16),(883,26,968,'',16),(884,27,968,'',16),(885,28,968,'false',16),(886,29,968,'false',16),(887,30,968,'Requires portal and exchange',16),(888,32,968,'false',16),(889,33,968,'false',16),(890,34,968,'false',16),(891,35,968,'false',16),(892,1,969,'true',21),(893,2,969,'true',21),(894,3,969,'',21),(895,4,969,'',21),(896,5,969,'',21),(897,6,969,'',21),(898,7,969,'',21),(899,8,969,'',21),(900,9,969,'',21),(901,10,969,'',21),(902,11,969,'',21),(903,12,969,'',21),(904,13,969,'',21),(905,31,969,'',21),(906,14,969,'true',21),(907,15,969,'Solo',21),(908,19,969,'0',21),(909,36,969,'false',21),(910,20,969,'0',21),(911,37,969,'false',21),(912,21,969,'0',21),(913,38,969,'false',21),(914,22,969,'271',21),(915,23,969,'Loss',21),(916,26,969,'',21),(917,27,969,'',21),(918,28,969,'false',21),(919,29,969,'false',21),(920,30,969,'Didn\'t do much, very tippy',21),(921,32,969,'false',21),(922,33,969,'false',21),(923,34,969,'false',21),(924,35,969,'false',21),(925,1,967,'true',38),(926,2,967,'true',38),(927,3,967,'1',38),(928,4,967,'',38),(929,5,967,'',38),(930,6,967,'',38),(931,7,967,'',38),(932,8,967,'3',38),(933,9,967,'4',38),(934,10,967,'',38),(935,11,967,'',38),(936,12,967,'',38),(937,13,967,'',38),(938,31,967,'',38),(939,14,967,'true',38),(940,15,967,'Solo',38),(941,19,967,'0',38),(942,36,967,'false',38),(943,20,967,'0',38),(944,37,967,'false',38),(945,21,967,'0',38),(946,38,967,'false',38),(947,22,967,'474',38),(948,23,967,'Win',38),(949,26,967,'',38),(950,27,967,'',38),(951,28,967,'false',38),(952,29,967,'false',38),(953,30,967,'Fast',38),(954,32,967,'false',38),(955,33,967,'false',38),(956,34,967,'false',38),(957,35,967,'false',38),(958,1,975,'true',21),(959,2,975,'false',21),(960,3,975,'',21),(961,4,975,'',21),(962,5,975,'',21),(963,6,975,'2',21),(964,7,975,'1',21),(965,8,975,'',21),(966,9,975,'',21),(967,10,975,'',21),(968,11,975,'',21),(969,12,975,'',21),(970,13,975,'2',21),(971,31,975,'3',21),(972,14,975,'true',21),(973,15,975,'Did not climb',21),(974,19,975,'0',21),(975,36,975,'false',21),(976,20,975,'3',21),(977,37,975,'true',21),(978,21,975,'0',21),(979,38,975,'false',21),(980,22,975,'493',21),(981,23,975,'Win',21),(982,26,975,'',21),(983,27,975,'',21),(984,28,975,'false',21),(985,29,975,'false',21),(986,30,975,'',21),(987,32,975,'false',21),(988,33,975,'false',21),(989,34,975,'false',21),(990,35,975,'false',21),(991,1,974,'false',36),(992,2,974,'true',36),(993,3,974,'',36),(994,4,974,'',36),(995,5,974,'',36),(996,6,974,'',36),(997,7,974,'1',36),(998,8,974,'1',36),(999,9,974,'',36),(1000,10,974,'',36),(1001,11,974,'',36),(1002,12,974,'4',36),(1003,13,974,'',36),(1004,31,974,'',36),(1005,14,974,'true',36),(1006,15,974,'Did not climb',36),(1007,19,974,'0',36),(1008,36,974,'false',36),(1009,20,974,'0',36),(1010,37,974,'false',36),(1011,21,974,'0',36),(1012,38,974,'false',36),(1013,22,974,'292',36),(1014,23,974,'Win',36),(1015,26,974,'',36),(1016,27,974,'',36),(1017,28,974,'false',36),(1018,29,974,'false',36),(1019,30,974,'Puerty neet',36),(1020,32,974,'false',36),(1021,33,974,'false',36),(1022,34,974,'false',36),(1023,35,974,'false',36),(1024,1,976,'false',26),(1025,2,976,'false',26),(1026,3,976,'',26),(1027,4,976,'',26),(1028,5,976,'',26),(1029,6,976,'',26),(1030,7,976,'',26),(1031,8,976,'',26),(1032,9,976,'',26),(1033,10,976,'',26),(1034,11,976,'',26),(1035,12,976,'',26),(1036,13,976,'',26),(1037,31,976,'',26),(1038,14,976,'false',26),(1039,15,976,'Did not climb',26),(1040,19,976,'0',26),(1041,36,976,'false',26),(1042,20,976,'0',26),(1043,37,976,'false',26),(1044,21,976,'0',26),(1045,38,976,'false',26),(1046,22,976,'193',26),(1047,23,976,'Loss',26),(1048,26,976,'',26),(1049,27,976,'',26),(1050,28,976,'false',26),(1051,29,976,'false',26),(1052,30,976,'Robot never started',26),(1053,32,976,'false',26),(1054,33,976,'true',26),(1055,34,976,'false',26),(1056,35,976,'false',26),(1057,1,971,'true',7),(1058,2,971,'true',7),(1059,3,971,'',7),(1060,4,971,'',7),(1061,5,971,'',7),(1062,6,971,'',7),(1063,7,971,'',7),(1064,8,971,'1',7),(1065,9,971,'3',7),(1066,10,971,'',7),(1067,11,971,'',7),(1068,12,971,'',7),(1069,13,971,'',7),(1070,31,971,'',7),(1071,14,971,'true',7),(1072,15,971,'Did not climb',7),(1073,19,971,'0',7),(1074,36,971,'false',7),(1075,20,971,'0',7),(1076,37,971,'false',7),(1077,21,971,'0',7),(1078,38,971,'false',7),(1079,22,971,'292',7),(1080,23,971,'Win',7),(1081,26,971,'',7),(1082,27,971,'',7),(1083,28,971,'false',7),(1084,29,971,'false',7),(1085,30,971,'Attempt auto switch.\nSlow',7),(1086,32,971,'false',7),(1087,33,971,'false',7),(1088,34,971,'false',7),(1089,35,971,'false',7),(1090,1,972,'true',38),(1091,2,972,'false',38),(1092,3,972,'',38),(1093,4,972,'',38),(1094,5,972,'',38),(1095,6,972,'',38),(1096,7,972,'',38),(1097,8,972,'',38),(1098,9,972,'',38),(1099,10,972,'',38),(1100,11,972,'',38),(1101,12,972,'2',38),(1102,13,972,'',38),(1103,31,972,'',38),(1104,14,972,'true',38),(1105,15,972,'Did not climb',38),(1106,19,972,'0',38),(1107,36,972,'false',38),(1108,20,972,'0',38),(1109,37,972,'false',38),(1110,21,972,'0',38),(1111,38,972,'false',38),(1112,22,972,'292',38),(1113,23,972,'Win',38),(1114,26,972,'',38),(1115,27,972,'',38),(1116,28,972,'false',38),(1117,29,972,'false',38),(1118,30,972,'Helpful to other robots, tipsy, fast but manipulator was not used',38),(1119,32,972,'false',38),(1120,33,972,'false',38),(1121,34,972,'false',38),(1122,35,972,'false',38),(1123,1,973,'false',34),(1124,2,973,'true',34),(1125,3,973,'',34),(1126,4,973,'',34),(1127,5,973,'',34),(1128,6,973,'0',34),(1129,7,973,'0',34),(1130,8,973,'1',34),(1131,9,973,'1',34),(1132,10,973,'0',34),(1133,11,973,'0',34),(1134,12,973,'0',34),(1135,13,973,'0',34),(1136,31,973,'0',34),(1137,14,973,'true',34),(1138,15,973,'Did not climb',34),(1139,19,973,'0',34),(1140,36,973,'false',34),(1141,20,973,'0',34),(1142,37,973,'false',34),(1143,21,973,'0',34),(1144,38,973,'false',34),(1145,22,973,'193',34),(1146,23,973,'Loss',34),(1147,26,973,'1',34),(1148,27,973,'',34),(1149,28,973,'false',34),(1150,29,973,'false',34),(1151,30,973,'Intake did not latch well on cube when lifting, this led to the one attempt, past that the robot did almost nothing.',34),(1152,32,973,'false',34),(1153,33,973,'false',34),(1154,34,973,'false',34),(1155,35,973,'false',34),(1156,1,979,'false',34),(1157,2,979,'true',34),(1158,3,979,'0',34),(1159,4,979,'0',34),(1160,5,979,'0',34),(1161,6,979,'',34),(1162,7,979,'',34),(1163,8,979,'3',34),(1164,9,979,'5',34),(1165,10,979,'',34),(1166,11,979,'1',34),(1167,12,979,'',34),(1168,13,979,'',34),(1169,31,979,'',34),(1170,14,979,'false',34),(1171,15,979,'Did not climb',34),(1172,19,979,'0',34),(1173,36,979,'false',34),(1174,20,979,'0',34),(1175,37,979,'false',34),(1176,21,979,'3',34),(1177,38,979,'true',34),(1178,22,979,'413',34),(1179,23,979,'Win',34),(1180,26,979,'',34),(1181,27,979,'',34),(1182,28,979,'false',34),(1183,29,979,'false',34),(1184,30,979,'',34),(1185,32,979,'false',34),(1186,33,979,'false',34),(1187,34,979,'false',34),(1188,35,979,'false',34),(1189,1,982,'false',16),(1190,2,982,'true',16),(1191,3,982,'',16),(1192,4,982,'',16),(1193,5,982,'',16),(1194,6,982,'1',16),(1195,7,982,'2',16),(1196,8,982,'1',16),(1197,9,982,'',16),(1198,10,982,'',16),(1199,11,982,'',16),(1200,12,982,'1',16),(1201,13,982,'',16),(1202,31,982,'',16),(1203,14,982,'false',16),(1204,15,982,'Did not climb',16),(1205,19,982,'3',16),(1206,36,982,'true',16),(1207,20,982,'3',16),(1208,37,982,'true',16),(1209,21,982,'2',16),(1210,38,982,'true',16),(1211,22,982,'451',16),(1212,23,982,'Win',16),(1213,26,982,'',16),(1214,27,982,'',16),(1215,28,982,'false',16),(1216,29,982,'false',16),(1217,30,982,'Top heavy and slow',16),(1218,32,982,'false',16),(1219,33,982,'false',16),(1220,34,982,'false',16),(1221,35,982,'false',16),(1222,1,978,'true',11),(1223,2,978,'true',11),(1224,3,978,'1',11),(1225,4,978,'',11),(1226,5,978,'',11),(1227,6,978,'',11),(1228,7,978,'',11),(1229,8,978,'',11),(1230,9,978,'',11),(1231,10,978,'',11),(1232,11,978,'',11),(1233,12,978,'',11),(1234,13,978,'',11),(1235,31,978,'',11),(1236,14,978,'true',11),(1237,15,978,'Did not climb',11),(1238,19,978,'2',11),(1239,36,978,'true',11),(1240,20,978,'3',11),(1241,37,978,'true',11),(1242,21,978,'0',11),(1243,38,978,'false',11),(1244,22,978,'451',11),(1245,23,978,'',11),(1246,26,978,'',11),(1247,27,978,'',11),(1248,28,978,'false',11),(1249,29,978,'false',11),(1250,30,978,'Proficient in putting cubes in the portal',11),(1251,32,978,'false',11),(1252,33,978,'false',11),(1253,34,978,'false',11),(1254,35,978,'false',11),(1255,1,977,'true',8),(1256,2,977,'false',8),(1257,3,977,'',8),(1258,4,977,'',8),(1259,5,977,'',8),(1260,6,977,'',8),(1261,7,977,'',8),(1262,8,977,'',8),(1263,9,977,'',8),(1264,10,977,'',8),(1265,11,977,'',8),(1266,12,977,'',8),(1267,13,977,'',8),(1268,31,977,'9',8),(1269,14,977,'true',8),(1270,15,977,'Received Assistance',8),(1271,19,977,'3',8),(1272,36,977,'true',8),(1273,20,977,'3',8),(1274,37,977,'true',8),(1275,21,977,'3',8),(1276,38,977,'true',8),(1277,22,977,'257',8),(1278,23,977,'Loss',8),(1279,26,977,'',8),(1280,27,977,'',8),(1281,28,977,'false',8),(1282,29,977,'false',8),(1283,30,977,'',8),(1284,32,977,'false',8),(1285,33,977,'false',8),(1286,34,977,'false',8),(1287,35,977,'false',8),(1288,1,981,'true',35),(1289,2,981,'true',35),(1290,3,981,'',35),(1291,4,981,'',35),(1292,5,981,'',35),(1293,6,981,'',35),(1294,7,981,'',35),(1295,8,981,'1',35),(1296,9,981,'2',35),(1297,10,981,'',35),(1298,11,981,'1',35),(1299,12,981,'',35),(1300,13,981,'',35),(1301,31,981,'',35),(1302,14,981,'true',35),(1303,15,981,'Assisted Others',35),(1304,19,981,'3',35),(1305,36,981,'true',35),(1306,20,981,'3',35),(1307,37,981,'true',35),(1308,21,981,'3',35),(1309,38,981,'true',35),(1310,22,981,'257',35),(1311,23,981,'Loss',35),(1312,26,981,'',35),(1313,27,981,'',35),(1314,28,981,'false',35),(1315,29,981,'false',35),(1316,30,981,'',35),(1317,32,981,'false',35),(1318,33,981,'false',35),(1319,34,981,'false',35),(1320,35,981,'false',35),(1321,1,980,'true',12),(1322,2,980,'true',12),(1323,3,980,'',12),(1324,4,980,'',12),(1325,5,980,'',12),(1326,6,980,'1',12),(1327,7,980,'2',12),(1328,8,980,'',12),(1329,9,980,'',12),(1330,10,980,'',12),(1331,11,980,'',12),(1332,12,980,'',12),(1333,13,980,'',12),(1334,31,980,'',12),(1335,14,980,'true',12),(1336,15,980,'Did not climb',12),(1337,19,980,'0',12),(1338,36,980,'false',12),(1339,20,980,'0',12),(1340,37,980,'false',12),(1341,21,980,'0',12),(1342,38,980,'false',12),(1343,22,980,'265',12),(1344,23,980,'Loss',12),(1345,26,980,'',12),(1346,27,980,'',12),(1347,28,980,'false',12),(1348,29,980,'false',12),(1349,30,980,'Struggles with holding the cube',12),(1350,32,980,'false',12),(1351,33,980,'false',12),(1352,34,980,'false',12),(1353,35,980,'false',12),(1354,1,984,'true',12),(1355,2,984,'true',12),(1356,3,984,'',12),(1357,4,984,'',12),(1358,5,984,'',12),(1359,6,984,'',12),(1360,7,984,'',12),(1361,8,984,'',12),(1362,9,984,'1',12),(1363,10,984,'',12),(1364,11,984,'',12),(1365,12,984,'',12),(1366,13,984,'',12),(1367,31,984,'',12),(1368,14,984,'false',12),(1369,15,984,'Assisted Others',12),(1370,19,984,'0',12),(1371,36,984,'false',12),(1372,20,984,'0',12),(1373,37,984,'false',12),(1374,21,984,'0',12),(1375,38,984,'false',12),(1376,22,984,'256',12),(1377,23,984,'Loss',12),(1378,26,984,'',12),(1379,27,984,'',12),(1380,28,984,'false',12),(1381,29,984,'false',12),(1382,30,984,'Fell over trying to go for the scale.',12),(1383,32,984,'false',12),(1384,33,984,'false',12),(1385,34,984,'false',12),(1386,35,984,'true',12),(1387,1,983,'true',8),(1388,2,983,'false',8),(1389,3,983,'1',8),(1390,4,983,'',8),(1391,5,983,'',8),(1392,6,983,'',8),(1393,7,983,'',8),(1394,8,983,'',8),(1395,9,983,'',8),(1396,10,983,'1',8),(1397,11,983,'1',8),(1398,12,983,'',8),(1399,13,983,'',8),(1400,31,983,'',8),(1401,14,983,'true',8),(1402,15,983,'Solo',8),(1403,19,983,'0',8),(1404,36,983,'false',8),(1405,20,983,'3',8),(1406,37,983,'true',8),(1407,21,983,'1',8),(1408,38,983,'false',8),(1409,22,983,'344',8),(1410,23,983,'Win',8),(1411,26,983,'',8),(1412,27,983,'',8),(1413,28,983,'false',8),(1414,29,983,'false',8),(1415,30,983,'Very slow ladder, driver, and tipsy',8),(1416,32,983,'false',8),(1417,33,983,'false',8),(1418,34,983,'false',8),(1419,35,983,'false',8),(1420,1,987,'true',36),(1421,2,987,'false',36),(1422,3,987,'',36),(1423,4,987,'',36),(1424,5,987,'',36),(1425,6,987,'',36),(1426,7,987,'1',36),(1427,8,987,'',36),(1428,9,987,'',36),(1429,10,987,'1',36),(1430,11,987,'4',36),(1431,12,987,'1',36),(1432,13,987,'',36),(1433,31,987,'5',36),(1434,14,987,'false',36),(1435,15,987,'Did not climb',36),(1436,19,987,'0',36),(1437,36,987,'false',36),(1438,20,987,'0',36),(1439,37,987,'false',36),(1440,21,987,'0',36),(1441,38,987,'false',36),(1442,22,987,'236',36),(1443,23,987,'Loss',36),(1444,26,987,'',36),(1445,27,987,'',36),(1446,28,987,'false',36),(1447,29,987,'false',36),(1448,30,987,'Slow. Required portal/exchange',36),(1449,32,987,'false',36),(1450,33,987,'false',36),(1451,34,987,'false',36),(1452,35,987,'false',36),(1453,1,986,'true',35),(1454,2,986,'true',35),(1455,3,986,'',35),(1456,4,986,'1',35),(1457,5,986,'',35),(1458,6,986,'',35),(1459,7,986,'2',35),(1460,8,986,'',35),(1461,9,986,'2',35),(1462,10,986,'',35),(1463,11,986,'',35),(1464,12,986,'',35),(1465,13,986,'',35),(1466,31,986,'',35),(1467,14,986,'false',35),(1468,15,986,'Did not climb',35),(1469,19,986,'1',35),(1470,36,986,'false',35),(1471,20,986,'3',35),(1472,37,986,'false',35),(1473,21,986,'0',35),(1474,38,986,'false',35),(1475,22,986,'344',35),(1476,23,986,'Win',35),(1477,26,986,'',35),(1478,27,986,'',35),(1479,28,986,'false',35),(1480,29,986,'false',35),(1481,30,986,'Not very good driving',35),(1482,32,986,'false',35),(1483,33,986,'false',35),(1484,34,986,'false',35),(1485,35,986,'false',35),(1486,1,985,'true',39),(1487,2,985,'false',39),(1488,3,985,'',39),(1489,4,985,'',39),(1490,5,985,'',39),(1491,6,985,'',39),(1492,7,985,'1',39),(1493,8,985,'',39),(1494,9,985,'',39),(1495,10,985,'',39),(1496,11,985,'',39),(1497,1,988,'false',15),(1498,2,988,'false',15),(1499,12,985,'2',39),(1500,3,988,'',15),(1501,4,988,'',15),(1502,13,985,'',39),(1503,5,988,'',15),(1504,6,988,'',15),(1505,31,985,'',39),(1506,7,988,'',15),(1507,8,988,'',15),(1508,14,985,'true',39),(1509,9,988,'',15),(1510,10,988,'',15),(1511,15,985,'Solo',39),(1512,11,988,'',15),(1513,12,988,'',15),(1514,19,985,'0',39),(1515,13,988,'',15),(1516,31,988,'3',15),(1517,36,985,'false',39),(1518,14,988,'true',15),(1519,15,988,'Assisted Others',15),(1520,20,985,'2',39),(1521,19,988,'0',15),(1522,36,988,'false',15),(1523,37,985,'true',39),(1524,20,988,'0',15),(1525,37,988,'false',15),(1526,21,985,'0',39),(1527,21,988,'0',15),(1528,38,988,'false',15),(1529,38,985,'false',39),(1530,22,988,'344',15),(1531,23,988,'Win',15),(1532,22,985,'',39),(1533,26,988,'',15),(1534,27,988,'',15),(1535,23,985,'',39),(1536,26,985,'',39),(1537,27,985,'',39),(1538,28,985,'false',39),(1539,29,985,'false',39),(1540,30,985,'',39),(1541,32,985,'false',39),(1542,33,985,'false',39),(1543,34,985,'false',39),(1544,35,985,'false',39),(1545,28,988,'false',15),(1546,29,988,'false',15),(1547,30,988,'',15),(1548,32,988,'false',15),(1549,33,988,'false',15),(1550,34,988,'false',15),(1551,35,988,'false',15),(1552,1,993,'true',24),(1553,2,993,'true',24),(1554,3,993,'',24),(1555,4,993,'',24),(1556,5,993,'',24),(1557,6,993,'',24),(1558,7,993,'',24),(1559,8,993,'',24),(1560,9,993,'3',24),(1561,10,993,'',24),(1562,11,993,'',24),(1563,12,993,'',24),(1564,13,993,'',24),(1565,31,993,'',24),(1566,14,993,'false',24),(1567,15,993,'Assisted Others',24),(1568,19,993,'1',24),(1569,36,993,'true',24),(1570,20,993,'3',24),(1571,37,993,'true',24),(1572,21,993,'1',24),(1573,38,993,'true',24),(1574,22,993,'328',24),(1575,23,993,'Win',24),(1576,26,993,'',24),(1577,27,993,'',24),(1578,28,993,'false',24),(1579,29,993,'false',24),(1580,30,993,'',24),(1581,32,993,'false',24),(1582,33,993,'false',24),(1583,34,993,'false',24),(1584,35,993,'false',24),(1585,1,992,'true',15),(1586,2,992,'true',15),(1587,3,992,'',15),(1588,4,992,'',15),(1589,5,992,'',15),(1590,6,992,'1',15),(1591,7,992,'2',15),(1592,8,992,'',15),(1593,9,992,'2',15),(1594,10,992,'',15),(1595,11,992,'',15),(1596,12,992,'',15),(1597,13,992,'',15),(1598,31,992,'1',15),(1599,14,992,'true',15),(1600,15,992,'Assisted Others',15),(1601,19,992,'1',15),(1602,36,992,'true',15),(1603,20,992,'3',15),(1604,37,992,'true',15),(1605,21,992,'1',15),(1606,38,992,'true',15),(1607,22,992,'328',15),(1608,23,992,'Win',15),(1609,26,992,'',15),(1610,27,992,'',15),(1611,28,992,'false',15),(1612,29,992,'false',15),(1613,30,992,'Missed and kind of slow',15),(1614,32,992,'false',15),(1615,33,992,'false',15),(1616,34,992,'false',15),(1617,35,992,'false',15),(1618,1,989,'true',7),(1619,2,989,'true',7),(1620,3,989,'1',7),(1621,4,989,'',7),(1622,5,989,'',7),(1623,6,989,'',7),(1624,7,989,'',7),(1625,8,989,'2',7),(1626,9,989,'',7),(1627,10,989,'',7),(1628,11,989,'',7),(1629,12,989,'',7),(1630,13,989,'',7),(1631,31,989,'',7),(1632,14,989,'false',7),(1633,15,989,'Assisted Others',7),(1634,19,989,'0',7),(1635,36,989,'false',7),(1636,20,989,'0',7),(1637,37,989,'true',7),(1638,21,989,'0',7),(1639,38,989,'false',7),(1640,22,989,'344',7),(1641,23,989,'Win',7),(1642,26,989,'',7),(1643,27,989,'',7),(1644,28,989,'false',7),(1645,29,989,'false',7),(1646,30,989,'Robot got disabled then came back then got disabled again then came back then got disabled then came back then the game ended',7),(1647,32,989,'false',7),(1648,33,989,'true',7),(1649,34,989,'false',7),(1650,35,989,'false',7),(1651,1,991,'true',11),(1652,2,991,'true',11),(1653,3,991,'0',11),(1654,4,991,'0',11),(1655,5,991,'0',11),(1656,6,991,'0',11),(1657,7,991,'0',11),(1658,8,991,'0',11),(1659,9,991,'0',11),(1660,10,991,'1',11),(1661,11,991,'0',11),(1662,12,991,'3',11),(1663,13,991,'0',11),(1664,31,991,'3',11),(1665,14,991,'false',11),(1666,15,991,'Did not climb',11),(1667,19,991,'0',11),(1668,36,991,'false',11),(1669,20,991,'1',11),(1670,37,991,'true',11),(1671,21,991,'0',11),(1672,38,991,'false',11),(1673,22,991,'236',11),(1674,23,991,'',11),(1675,26,991,'',11),(1676,27,991,'',11),(1677,28,991,'false',11),(1678,29,991,'false',11),(1679,30,991,'',11),(1680,32,991,'false',11),(1681,33,991,'false',11),(1682,34,991,'false',11),(1683,35,991,'false',11),(1684,1,990,'false',15),(1685,2,990,'true',15),(1686,3,990,'',15),(1687,4,990,'',15),(1688,5,990,'',15),(1689,6,990,'',15),(1690,7,990,'',15),(1691,8,990,'3',15),(1692,9,990,'',15),(1693,10,990,'',15),(1694,11,990,'',15),(1695,12,990,'',15),(1696,13,990,'',15),(1697,31,990,'',15),(1698,14,990,'false',15),(1699,15,990,'Did not climb',15),(1700,19,990,'0',15),(1701,36,990,'false',15),(1702,20,990,'0',15),(1703,37,990,'false',15),(1704,21,990,'0',15),(1705,38,990,'false',15),(1706,22,990,'344',15),(1707,23,990,'Win',15),(1708,26,990,'',15),(1709,27,990,'',15),(1710,28,990,'false',15),(1711,29,990,'false',15),(1712,30,990,'Just got in the way of their teammates',15),(1713,32,990,'false',15),(1714,33,990,'false',15),(1715,34,990,'false',15),(1716,35,990,'false',15),(1717,1,994,'true',38),(1718,2,994,'true',38),(1719,3,994,'',38),(1720,4,994,'',38),(1721,5,994,'',38),(1722,6,994,'',38),(1723,7,994,'',38),(1724,8,994,'',38),(1725,9,994,'',38),(1726,10,994,'',38),(1727,11,994,'',38),(1728,12,994,'7',38),(1729,13,994,'',38),(1730,31,994,'',38),(1731,14,994,'true',38),(1732,15,994,'Did not climb',38),(1733,19,994,'0',38),(1734,36,994,'false',38),(1735,20,994,'3',38),(1736,37,994,'true',38),(1737,21,994,'1',38),(1738,38,994,'false',38),(1739,22,994,'344',38),(1740,23,994,'Win',38),(1741,26,994,'',38),(1742,27,994,'',38),(1743,28,994,'false',38),(1744,29,994,'false',38),(1745,30,994,'Good driving',38),(1746,32,994,'false',38),(1747,33,994,'false',38),(1748,34,994,'false',38),(1749,35,994,'false',38),(1750,1,999,'false',15),(1751,2,999,'true',15),(1752,3,999,'',15),(1753,4,999,'',15),(1754,5,999,'',15),(1755,6,999,'',15),(1756,7,999,'1',15),(1757,8,999,'',15),(1758,9,999,'',15),(1759,10,999,'',15),(1760,11,999,'3',15),(1761,12,999,'',15),(1762,13,999,'',15),(1763,31,999,'',15),(1764,14,999,'true',15),(1765,15,999,'Assisted Others',15),(1766,19,999,'0',15),(1767,36,999,'false',15),(1768,20,999,'0',15),(1769,37,999,'false',15),(1770,21,999,'0',15),(1771,38,999,'false',15),(1772,22,999,'',15),(1773,23,999,'',15),(1774,26,999,'',15),(1775,27,999,'',15),(1776,28,999,'false',15),(1777,29,999,'false',15),(1778,30,999,'',15),(1779,32,999,'false',15),(1780,33,999,'false',15),(1781,34,999,'false',15),(1782,35,999,'false',15),(1783,1,995,'true',11),(1784,2,995,'true',11),(1785,3,995,'',11),(1786,4,995,'',11),(1787,5,995,'',11),(1788,6,995,'1',11),(1789,7,995,'',11),(1790,8,995,'',11),(1791,9,995,'1',11),(1792,10,995,'1',11),(1793,11,995,'',11),(1794,12,995,'',11),(1795,13,995,'',11),(1796,31,995,'',11),(1797,14,995,'true',11),(1798,15,995,'Solo',11),(1799,19,995,'3',11),(1800,36,995,'false',11),(1801,20,995,'3',11),(1802,37,995,'true',11),(1803,21,995,'3',11),(1804,38,995,'true',11),(1805,22,995,'400',11),(1806,23,995,'Win',11),(1807,26,995,'',11),(1808,27,995,'',11),(1809,28,995,'false',11),(1810,29,995,'false',11),(1811,30,995,'Very aggressive',11),(1812,32,995,'false',11),(1813,33,995,'false',11),(1814,34,995,'false',11),(1815,35,995,'false',11),(1816,1,1000,'false',11),(1817,2,1000,'false',11),(1818,3,1000,'',11),(1819,4,1000,'',11),(1820,5,1000,'',11),(1821,6,1000,'3',11),(1822,7,1000,'1',11),(1823,8,1000,'',11),(1824,9,1000,'',11),(1825,10,1000,'',11),(1826,11,1000,'',11),(1827,12,1000,'',11),(1828,13,1000,'',11),(1829,31,1000,'',11),(1830,14,1000,'true',11),(1831,15,1000,'Solo',11),(1832,19,1000,'2',11),(1833,36,1000,'true',11),(1834,20,1000,'3',11),(1835,37,1000,'true',11),(1836,21,1000,'0',11),(1837,38,1000,'false',11),(1838,22,1000,'249',11),(1839,23,1000,'Loss',11),(1840,26,1000,'',11),(1841,27,1000,'',11),(1842,28,1000,'false',11),(1843,29,1000,'false',11),(1844,30,1000,'Pretty bad',11),(1845,32,1000,'false',11),(1846,33,1000,'false',11),(1847,34,1000,'false',11),(1848,35,1000,'false',11),(1849,1,996,'true',38),(1850,2,996,'false',38),(1851,3,996,'',38),(1852,4,996,'',38),(1853,5,996,'',38),(1854,6,996,'',38),(1855,7,996,'',38),(1856,8,996,'',38),(1857,9,996,'',38),(1858,10,996,'',38),(1859,11,996,'',38),(1860,12,996,'9',38),(1861,13,996,'',38),(1862,31,996,'',38),(1863,14,996,'false',38),(1864,15,996,'Did not climb',38),(1865,19,996,'0',38),(1866,36,996,'false',38),(1867,20,996,'0',38),(1868,37,996,'false',38),(1869,21,996,'0',38),(1870,38,996,'false',38),(1871,22,996,'378',38),(1872,23,996,'Win',38),(1873,26,996,'',38),(1874,27,996,'',38),(1875,28,996,'false',38),(1876,29,996,'false',38),(1877,30,996,'',38),(1878,32,996,'false',38),(1879,33,996,'false',38),(1880,34,996,'false',38),(1881,35,996,'false',38),(1882,1,998,'true',26),(1883,2,998,'true',26),(1884,3,998,'',26),(1885,4,998,'',26),(1886,5,998,'',26),(1887,6,998,'',26),(1888,7,998,'',26),(1889,8,998,'',26),(1890,9,998,'',26),(1891,10,998,'',26),(1892,11,998,'',26),(1893,12,998,'9',26),(1894,13,998,'',26),(1895,31,998,'',26),(1896,14,998,'true',26),(1897,15,998,'Did not climb',26),(1898,19,998,'3',26),(1899,36,998,'true',26),(1900,20,998,'3',26),(1901,37,998,'true',26),(1902,21,998,'3',26),(1903,38,998,'true',26),(1904,22,998,'',26),(1905,23,998,'Loss',26),(1906,26,998,'',26),(1907,27,998,'',26),(1908,28,998,'false',26),(1909,29,998,'false',26),(1910,30,998,'',26),(1911,32,998,'false',26),(1912,33,998,'false',26),(1913,34,998,'false',26),(1914,35,998,'false',26),(1915,1,997,'false',34),(1916,2,997,'true',34),(1917,3,997,'',34),(1918,4,997,'',34),(1919,5,997,'',34),(1920,6,997,'',34),(1921,7,997,'',34),(1922,8,997,'',34),(1923,9,997,'',34),(1924,10,997,'',34),(1925,11,997,'',34),(1926,12,997,'',34),(1927,13,997,'',34),(1928,31,997,'',34),(1929,14,997,'true',34),(1930,15,997,'Did not climb',34),(1931,19,997,'3',34),(1932,36,997,'true',34),(1933,20,997,'3',34),(1934,37,997,'true',34),(1935,21,997,'3',34),(1936,38,997,'true',34),(1937,22,997,'220',34),(1938,23,997,'Loss',34),(1939,26,997,'1',34),(1940,27,997,'',34),(1941,28,997,'false',34),(1942,29,997,'false',34),(1943,30,997,'Did very little to contribute. Intake was very flimsy and did not work.',34),(1944,32,997,'false',34),(1945,33,997,'false',34),(1946,34,997,'false',34),(1947,35,997,'false',34),(1948,1,1004,'true',15),(1949,2,1004,'true',15),(1950,61,1004,'1',15),(1951,3,1004,'',15),(1952,62,1004,'',15),(1953,4,1004,'',15),(1954,5,1004,'',15),(1955,6,1004,'',15),(1956,7,1004,'',15),(1957,8,1004,'3',15),(1958,9,1004,'1',15),(1959,31,1004,'',15),(1960,10,1004,'1',15),(1961,11,1004,'1',15),(1962,12,1004,'',15),(1963,13,1004,'',15),(1964,14,1004,'true',15),(1965,15,1004,'Received Assistance',15),(1966,19,1004,'0',15),(1967,36,1004,'false',15),(1968,20,1004,'0',15),(1969,37,1004,'false',15),(1970,21,1004,'0',15),(1971,38,1004,'false',15),(1972,22,1004,'250',15),(1973,23,1004,'Win',15),(1974,26,1004,'',15),(1975,27,1004,'',15),(1976,28,1004,'false',15),(1977,29,1004,'false',15),(1978,30,1004,'Can\'t get the vault stuff',15),(1979,32,1004,'false',15),(1980,33,1004,'false',15),(1981,34,1004,'false',15),(1982,35,1004,'false',15),(1983,1,1002,'false',8),(1984,2,1002,'false',8),(1985,61,1002,'',8),(1986,3,1002,'',8),(1987,62,1002,'',8),(1988,4,1002,'',8),(1989,5,1002,'',8),(1990,6,1002,'',8),(1991,7,1002,'1',8),(1992,8,1002,'',8),(1993,9,1002,'',8),(1994,31,1002,'5',8),(1995,10,1002,'',8),(1996,11,1002,'',8),(1997,12,1002,'',8),(1998,13,1002,'',8),(1999,14,1002,'true',8),(2000,15,1002,'Did not climb',8),(2001,19,1002,'1',8),(2002,36,1002,'false',8),(2003,20,1002,'3',8),(2004,37,1002,'true',8),(2005,21,1002,'1',8),(2006,38,1002,'false',8),(2007,22,1002,'141',8),(2008,23,1002,'Loss',8),(2009,26,1002,'',8),(2010,27,1002,'',8),(2011,28,1002,'false',8),(2012,29,1002,'false',8),(2013,30,1002,'',8),(2014,32,1002,'false',8),(2015,33,1002,'false',8),(2016,34,1002,'false',8),(2017,35,1002,'false',8),(2018,1,1005,'true',15),(2019,2,1005,'false',15),(2020,61,1005,'',15),(2021,3,1005,'1',15),(2022,62,1005,'',15),(2023,4,1005,'',15),(2024,5,1005,'',15),(2025,6,1005,'',15),(2026,7,1005,'1',15),(2027,8,1005,'2',15),(2028,9,1005,'2',15),(2029,31,1005,'',15),(2030,10,1005,'',15),(2031,11,1005,'',15),(2032,12,1005,'',15),(2033,13,1005,'',15),(2034,14,1005,'true',15),(2035,15,1005,'Assisted Others',15),(2036,19,1005,'0',15),(2037,36,1005,'false',15),(2038,20,1005,'0',15),(2039,37,1005,'false',15),(2040,21,1005,'0',15),(2041,38,1005,'false',15),(2042,22,1005,'250',15),(2043,23,1005,'Win',15),(2044,26,1005,'',15),(2045,27,1005,'',15),(2046,28,1005,'false',15),(2047,29,1005,'false',15),(2048,30,1005,'',15),(2049,32,1005,'false',15),(2050,33,1005,'false',15),(2051,34,1005,'false',15),(2052,35,1005,'false',15),(2053,1,1001,'true',26),(2054,2,1001,'false',26),(2055,61,1001,'',26),(2056,3,1001,'',26),(2057,62,1001,'',26),(2058,4,1001,'',26),(2059,5,1001,'',26),(2060,6,1001,'',26),(2061,7,1001,'1',26),(2062,8,1001,'',26),(2063,9,1001,'',26),(2064,31,1001,'3',26),(2065,10,1001,'',26),(2066,11,1001,'',26),(2067,12,1001,'',26),(2068,13,1001,'',26),(2069,14,1001,'true',26),(2070,15,1001,'Received Assistance',26),(2071,19,1001,'0',26),(2072,36,1001,'false',26),(2073,20,1001,'3',26),(2074,37,1001,'true',26),(2075,21,1001,'0',26),(2076,38,1001,'false',26),(2077,22,1001,'250',26),(2078,23,1001,'Win',26),(2079,26,1001,'',26),(2080,27,1001,'',26),(2081,28,1001,'false',26),(2082,29,1001,'false',26),(2083,30,1001,'Might have gotten up with help?',26),(2084,32,1001,'false',26),(2085,33,1001,'false',26),(2086,34,1001,'false',26),(2087,35,1001,'false',26),(2088,1,1006,'false',34),(2089,2,1006,'true',34),(2090,61,1006,'',34),(2091,3,1006,'',34),(2092,62,1006,'',34),(2093,4,1006,'',34),(2094,5,1006,'',34),(2095,6,1006,'',34),(2096,7,1006,'',34),(2097,8,1006,'3',34),(2098,9,1006,'5',34),(2099,31,1006,'',34),(2100,10,1006,'',34),(2101,11,1006,'',34),(2102,12,1006,'',34),(2103,13,1006,'',34),(2104,14,1006,'true',34),(2105,15,1006,'Solo',34),(2106,19,1006,'1',34),(2107,36,1006,'false',34),(2108,20,1006,'3',34),(2109,37,1006,'true',34),(2110,21,1006,'1',34),(2111,38,1006,'false',34),(2112,22,1006,'166',34),(2113,23,1006,'Loss',34),(2114,26,1006,'1',34),(2115,27,1006,'',34),(2116,28,1006,'false',34),(2117,29,1006,'false',34),(2118,30,1006,'Bumped cubes out of place on own scale. In turn causing the scale to tip in opponents favor.',34),(2119,32,1006,'false',34),(2120,33,1006,'false',34),(2121,34,1006,'false',34),(2122,35,1006,'false',34),(2123,1,1003,'true',29),(2124,2,1003,'true',29),(2125,61,1003,'0',29),(2126,3,1003,'0',29),(2127,62,1003,'0',29),(2128,4,1003,'0',29),(2129,5,1003,'0',29),(2130,6,1003,'0',29),(2131,7,1003,'0',29),(2132,8,1003,'0',29),(2133,9,1003,'0',29),(2134,31,1003,'0',29),(2135,10,1003,'5',29),(2136,11,1003,'5',29),(2137,12,1003,'0',29),(2138,13,1003,'0',29),(2139,14,1003,'true',29),(2140,15,1003,'Did not climb',29),(2141,19,1003,'0',29),(2142,36,1003,'false',29),(2143,20,1003,'0',29),(2144,37,1003,'false',29),(2145,21,1003,'0',29),(2146,38,1003,'false',29),(2147,22,1003,'166',29),(2148,23,1003,'Loss',29),(2149,26,1003,'0',29),(2150,27,1003,'0',29),(2151,28,1003,'false',29),(2152,29,1003,'false',29),(2153,30,1003,'Played defensively and only worked on opponent\'s switch.',29),(2154,32,1003,'false',29),(2155,33,1003,'false',29),(2156,34,1003,'false',29),(2157,35,1003,'false',29),(2158,1,1008,'true',15),(2159,2,1008,'false',15),(2160,61,1008,'',15),(2161,3,1008,'1',15),(2162,62,1008,'',15),(2163,4,1008,'',15),(2164,5,1008,'',15),(2165,6,1008,'',15),(2166,7,1008,'1',15),(2167,8,1008,'',15),(2168,9,1008,'',15),(2169,31,1008,'',15),(2170,10,1008,'',15),(2171,11,1008,'5',15),(2172,12,1008,'',15),(2173,13,1008,'',15),(2174,14,1008,'true',15),(2175,15,1008,'Solo',15),(2176,19,1008,'0',15),(2177,36,1008,'false',15),(2178,20,1008,'0',15),(2179,37,1008,'false',15),(2180,21,1008,'0',15),(2181,38,1008,'false',15),(2182,22,1008,'354',15),(2183,23,1008,'Win',15),(2184,26,1008,'',15),(2185,27,1008,'',15),(2186,28,1008,'false',15),(2187,29,1008,'false',15),(2188,30,1008,'',15),(2189,32,1008,'false',15),(2190,33,1008,'false',15),(2191,34,1008,'false',15),(2192,35,1008,'false',15),(2193,1,1007,'true',15),(2194,2,1007,'true',15),(2195,61,1007,'',15),(2196,3,1007,'',15),(2197,62,1007,'',15),(2198,4,1007,'',15),(2199,5,1007,'',15),(2200,6,1007,'',15),(2201,7,1007,'4',15),(2202,8,1007,'',15),(2203,9,1007,'',15),(2204,31,1007,'',15),(2205,10,1007,'',15),(2206,11,1007,'',15),(2207,12,1007,'3',15),(2208,13,1007,'',15),(2209,14,1007,'true',15),(2210,15,1007,'Received Assistance',15),(2211,19,1007,'0',15),(2212,36,1007,'false',15),(2213,20,1007,'0',15),(2214,37,1007,'false',15),(2215,21,1007,'0',15),(2216,38,1007,'false',15),(2217,22,1007,'354',15),(2218,23,1007,'Win',15),(2219,26,1007,'',15),(2220,27,1007,'',15),(2221,28,1007,'false',15),(2222,29,1007,'false',15),(2223,30,1007,'I can\'t get the vault stuff',15),(2224,32,1007,'false',15),(2225,33,1007,'false',15),(2226,34,1007,'false',15),(2227,35,1007,'false',15),(2228,1,1010,'true',35),(2229,2,1010,'true',35),(2230,61,1010,'',35),(2231,3,1010,'',35),(2232,62,1010,'',35),(2233,4,1010,'1',35),(2234,5,1010,'',35),(2235,6,1010,'1',35),(2236,7,1010,'',35),(2237,8,1010,'',35),(2238,9,1010,'',35),(2239,31,1010,'',35),(2240,10,1010,'',35),(2241,11,1010,'4',35),(2242,12,1010,'',35),(2243,13,1010,'',35),(2244,14,1010,'true',35),(2245,15,1010,'Assisted Others',35),(2246,19,1010,'2',35),(2247,36,1010,'false',35),(2248,20,1010,'2',35),(2249,37,1010,'false',35),(2250,21,1010,'1',35),(2251,38,1010,'false',35),(2252,22,1010,'241',35),(2253,23,1010,'Loss',35),(2254,26,1010,'',35),(2255,27,1010,'',35),(2256,28,1010,'false',35),(2257,29,1010,'false',35),(2258,30,1010,'',35),(2259,32,1010,'false',35),(2260,33,1010,'false',35),(2261,34,1010,'false',35),(2262,35,1010,'false',35),(2263,1,1011,'true',11),(2264,2,1011,'true',11),(2265,61,1011,'',11),(2266,3,1011,'1',11),(2267,62,1011,'',11),(2268,4,1011,'',11),(2269,5,1011,'',11),(2270,6,1011,'',11),(2271,7,1011,'',11),(2272,8,1011,'',11),(2273,9,1011,'',11),(2274,31,1011,'',11),(2275,10,1011,'1',11),(2276,11,1011,'3',11),(2277,12,1011,'',11),(2278,13,1011,'',11),(2279,14,1011,'true',11),(2280,15,1011,'Received Assistance',11),(2281,19,1011,'1',11),(2282,36,1011,'true',11),(2283,20,1011,'3',11),(2284,37,1011,'true',11),(2285,21,1011,'2',11),(2286,38,1011,'true',11),(2287,22,1011,'256',11),(2288,23,1011,'Loss',11),(2289,26,1011,'',11),(2290,27,1011,'',11),(2291,28,1011,'false',11),(2292,29,1011,'false',11),(2293,30,1011,'Received assistance but had no counterbalance',11),(2294,32,1011,'false',11),(2295,33,1011,'false',11),(2296,34,1011,'false',11),(2297,35,1011,'false',11),(2298,1,1012,'false',34),(2299,2,1012,'true',34),(2300,61,1012,'',34),(2301,3,1012,'1',34),(2302,62,1012,'',34),(2303,4,1012,'',34),(2304,5,1012,'',34),(2305,6,1012,'2',34),(2306,7,1012,'1',34),(2307,8,1012,'3',34),(2308,9,1012,'2',34),(2309,31,1012,'',34),(2310,10,1012,'',34),(2311,11,1012,'',34),(2312,12,1012,'',34),(2313,13,1012,'',34),(2314,14,1012,'false',34),(2315,15,1012,'Assisted Others',34),(2316,19,1012,'3',34),(2317,36,1012,'true',34),(2318,20,1012,'3',34),(2319,37,1012,'true',34),(2320,21,1012,'0',34),(2321,38,1012,'false',34),(2322,22,1012,'354',34),(2323,23,1012,'Win',34),(2324,26,1012,'1',34),(2325,27,1012,'',34),(2326,28,1012,'false',34),(2327,29,1012,'false',34),(2328,30,1012,'Back of intake did not grip cube very well.',34),(2329,32,1012,'false',34),(2330,33,1012,'false',34),(2331,34,1012,'false',34),(2332,35,1012,'false',34),(2333,1,1009,'true',29),(2334,2,1009,'true',29),(2335,61,1009,'0',29),(2336,3,1009,'0',29),(2337,62,1009,'0',29),(2338,4,1009,'0',29),(2339,5,1009,'0',29),(2340,6,1009,'4',29),(2341,7,1009,'3',29),(2342,8,1009,'0',29),(2343,9,1009,'0',29),(2344,31,1009,'0',29),(2345,10,1009,'0',29),(2346,11,1009,'0',29),(2347,12,1009,'5',29),(2348,13,1009,'0',29),(2349,14,1009,'false',29),(2350,15,1009,'Did not climb',29),(2351,19,1009,'1',29),(2352,36,1009,'false',29),(2353,20,1009,'3',29),(2354,37,1009,'true',29),(2355,21,1009,'2',29),(2356,38,1009,'false',29),(2357,22,1009,'256',29),(2358,23,1009,'Loss',29),(2359,26,1009,'0',29),(2360,27,1009,'0',29),(2361,28,1009,'false',29),(2362,29,1009,'false',29),(2363,30,1009,'Spent whole time compromising for its lack of a climbing mechanism. Didn\'t coordinate well with the other team, resulting in no climbing.',29),(2364,32,1009,'false',29),(2365,33,1009,'false',29),(2366,34,1009,'false',29),(2367,35,1009,'false',29),(2368,1,1018,'true',26),(2369,2,1018,'true',26),(2370,61,1018,'',26),(2371,3,1018,'',26),(2372,62,1018,'',26),(2373,4,1018,'',26),(2374,5,1018,'',26),(2375,6,1018,'',26),(2376,7,1018,'1',26),(2377,8,1018,'',26),(2378,9,1018,'',26),(2379,31,1018,'',26),(2380,10,1018,'',26),(2381,11,1018,'5',26),(2382,12,1018,'',26),(2383,13,1018,'',26),(2384,14,1018,'false',26),(2385,15,1018,'Did not climb',26),(2386,19,1018,'3',26),(2387,36,1018,'true',26),(2388,20,1018,'3',26),(2389,37,1018,'true',26),(2390,21,1018,'1',26),(2391,38,1018,'true',26),(2392,22,1018,'319',26),(2393,23,1018,'Win',26),(2394,26,1018,'',26),(2395,27,1018,'',26),(2396,28,1018,'false',26),(2397,29,1018,'false',26),(2398,30,1018,'',26),(2399,32,1018,'false',26),(2400,33,1018,'false',26),(2401,34,1018,'false',26),(2402,35,1018,'false',26),(2403,1,1015,'true',15),(2404,2,1015,'false',15),(2405,61,1015,'',15),(2406,3,1015,'1',15),(2407,62,1015,'',15),(2408,4,1015,'',15),(2409,5,1015,'',15),(2410,6,1015,'',15),(2411,7,1015,'',15),(2412,8,1015,'',15),(2413,9,1015,'',15),(2414,31,1015,'6',15),(2415,10,1015,'',15),(2416,11,1015,'',15),(2417,12,1015,'',15),(2418,13,1015,'',15),(2419,14,1015,'true',15),(2420,15,1015,'Did not climb',15),(2421,19,1015,'0',15),(2422,36,1015,'false',15),(2423,20,1015,'0',15),(2424,37,1015,'false',15),(2425,21,1015,'0',15),(2426,38,1015,'false',15),(2427,22,1015,'319',15),(2428,23,1015,'Win',15),(2429,26,1015,'',15),(2430,27,1015,'',15),(2431,28,1015,'false',15),(2432,29,1015,'false',15),(2433,30,1015,'',15),(2434,32,1015,'false',15),(2435,33,1015,'false',15),(2436,34,1015,'false',15),(2437,35,1015,'false',15),(2438,1,1014,'true',15),(2439,2,1014,'true',15),(2440,61,1014,'',15),(2441,3,1014,'1',15),(2442,62,1014,'',15),(2443,4,1014,'',15),(2444,5,1014,'',15),(2445,6,1014,'',15),(2446,7,1014,'1',15),(2447,8,1014,'',15),(2448,9,1014,'3',15),(2449,31,1014,'',15),(2450,10,1014,'',15),(2451,11,1014,'2',15),(2452,12,1014,'',15),(2453,13,1014,'',15),(2454,14,1014,'true',15),(2455,15,1014,'Solo',15),(2456,19,1014,'0',15),(2457,36,1014,'false',15),(2458,20,1014,'0',15),(2459,37,1014,'false',15),(2460,21,1014,'2',15),(2461,38,1014,'true',15),(2462,22,1014,'90',15),(2463,23,1014,'Loss',15),(2464,26,1014,'',15),(2465,27,1014,'',15),(2466,28,1014,'false',15),(2467,29,1014,'false',15),(2468,30,1014,'Could launch cubes into the scale 100% of the time',15),(2469,32,1014,'false',15),(2470,33,1014,'false',15),(2471,34,1014,'false',15),(2472,35,1014,'false',15),(2473,1,1016,'false',34),(2474,2,1016,'true',34),(2475,61,1016,'',34),(2476,3,1016,'',34),(2477,62,1016,'',34),(2478,4,1016,'',34),(2479,5,1016,'',34),(2480,6,1016,'',34),(2481,7,1016,'1',34),(2482,8,1016,'',34),(2483,9,1016,'1',34),(2484,31,1016,'',34),(2485,10,1016,'',34),(2486,11,1016,'',34),(2487,12,1016,'',34),(2488,13,1016,'',34),(2489,14,1016,'true',34),(2490,15,1016,'Did not climb',34),(2491,19,1016,'0',34),(2492,36,1016,'false',34),(2493,20,1016,'0',34),(2494,37,1016,'false',34),(2495,21,1016,'2',34),(2496,38,1016,'false',34),(2497,22,1016,'90',34),(2498,23,1016,'Loss',34),(2499,26,1016,'',34),(2500,27,1016,'',34),(2501,28,1016,'false',34),(2502,29,1016,'false',34),(2503,30,1016,'Not a very eventful robot',34),(2504,32,1016,'false',34),(2505,33,1016,'false',34),(2506,34,1016,'false',34),(2507,35,1016,'false',34),(2508,1,1017,'true',14),(2509,2,1017,'true',14),(2510,61,1017,'',14),(2511,3,1017,'',14),(2512,62,1017,'',14),(2513,4,1017,'',14),(2514,5,1017,'',14),(2515,6,1017,'',14),(2516,7,1017,'3',14),(2517,8,1017,'',14),(2518,9,1017,'4',14),(2519,31,1017,'',14),(2520,10,1017,'',14),(2521,11,1017,'',14),(2522,12,1017,'',14),(2523,13,1017,'',14),(2524,14,1017,'true',14),(2525,15,1017,'Solo',14),(2526,19,1017,'0',14),(2527,36,1017,'false',14),(2528,20,1017,'3',14),(2529,37,1017,'true',14),(2530,21,1017,'1',14),(2531,38,1017,'true',14),(2532,22,1017,'319',14),(2533,23,1017,'Win',14),(2534,26,1017,'',14),(2535,27,1017,'',14),(2536,28,1017,'false',14),(2537,29,1017,'false',14),(2538,30,1017,'A bit of adjustment for climbing.',14),(2539,32,1017,'false',14),(2540,33,1017,'false',14),(2541,34,1017,'false',14),(2542,35,1017,'false',14),(2543,1,1013,'true',29),(2544,2,1013,'false',29),(2545,61,1013,'0',29),(2546,3,1013,'0',29),(2547,62,1013,'0',29),(2548,4,1013,'0',29),(2549,5,1013,'0',29),(2550,6,1013,'2',29),(2551,7,1013,'2',29),(2552,8,1013,'0',29),(2553,9,1013,'0',29),(2554,31,1013,'0',29),(2555,10,1013,'5',29),(2556,11,1013,'5',29),(2557,12,1013,'0',29),(2558,13,1013,'0',29),(2559,14,1013,'false',29),(2560,15,1013,'Assisted Others',29),(2561,19,1013,'0',29),(2562,36,1013,'false',29),(2563,20,1013,'0',29),(2564,37,1013,'false',29),(2565,21,1013,'0',29),(2566,38,1013,'false',29),(2567,22,1013,'90',29),(2568,23,1013,'Loss',29),(2569,26,1013,'0',29),(2570,27,1013,'0',29),(2571,28,1013,'false',29),(2572,29,1013,'false',29),(2573,30,1013,'No Scale, Portal, or Pickup from ground capability',29),(2574,32,1013,'false',29),(2575,33,1013,'false',29),(2576,34,1013,'false',29),(2577,35,1013,'false',29),(2578,1,1021,'true',8),(2579,2,1021,'false',8),(2580,61,1021,'',8),(2581,3,1021,'1',8),(2582,62,1021,'',8),(2583,4,1021,'',8),(2584,5,1021,'',8),(2585,6,1021,'',8),(2586,7,1021,'3',8),(2587,8,1021,'',8),(2588,9,1021,'',8),(2589,31,1021,'3',8),(2590,10,1021,'',8),(2591,11,1021,'',8),(2592,12,1021,'',8),(2593,13,1021,'',8),(2594,14,1021,'false',8),(2595,15,1021,'Did not climb',8),(2596,19,1021,'0',8),(2597,36,1021,'false',8),(2598,20,1021,'3',8),(2599,37,1021,'true',8),(2600,21,1021,'0',8),(2601,38,1021,'false',8),(2602,22,1021,'288',8),(2603,23,1021,'Loss',8),(2604,26,1021,'',8),(2605,27,1021,'',8),(2606,28,1021,'false',8),(2607,29,1021,'false',8),(2608,30,1021,'',8),(2609,32,1021,'false',8),(2610,33,1021,'false',8),(2611,34,1021,'false',8),(2612,35,1021,'false',8),(2613,1,1020,'true',15),(2614,2,1020,'true',15),(2615,61,1020,'',15),(2616,3,1020,'',15),(2617,62,1020,'',15),(2618,4,1020,'',15),(2619,5,1020,'',15),(2620,6,1020,'',15),(2621,7,1020,'',15),(2622,8,1020,'',15),(2623,9,1020,'1',15),(2624,31,1020,'',15),(2625,10,1020,'',15),(2626,11,1020,'',15),(2627,12,1020,'',15),(2628,13,1020,'',15),(2629,14,1020,'true',15),(2630,15,1020,'Assisted Others',15),(2631,19,1020,'3',15),(2632,36,1020,'true',15),(2633,20,1020,'3',15),(2634,37,1020,'true',15),(2635,21,1020,'2',15),(2636,38,1020,'true',15),(2637,22,1020,'343',15),(2638,23,1020,'Win',15),(2639,26,1020,'',15),(2640,27,1020,'',15),(2641,28,1020,'false',15),(2642,29,1020,'false',15),(2643,30,1020,'Scissor lift trouble picking up',15),(2644,32,1020,'false',15),(2645,33,1020,'false',15),(2646,34,1020,'false',15),(2647,35,1020,'false',15),(2648,1,1019,'false',15),(2649,2,1019,'true',15),(2650,61,1019,'',15),(2651,3,1019,'',15),(2652,62,1019,'',15),(2653,4,1019,'',15),(2654,5,1019,'',15),(2655,6,1019,'',15),(2656,7,1019,'1',15),(2657,8,1019,'2',15),(2658,9,1019,'2',15),(2659,31,1019,'',15),(2660,10,1019,'',15),(2661,11,1019,'',15),(2662,12,1019,'',15),(2663,13,1019,'',15),(2664,14,1019,'true',15),(2665,15,1019,'Solo',15),(2666,19,1019,'0',15),(2667,36,1019,'false',15),(2668,20,1019,'0',15),(2669,37,1019,'false',15),(2670,21,1019,'0',15),(2671,38,1019,'false',15),(2672,22,1019,'288',15),(2673,23,1019,'Loss',15),(2674,26,1019,'',15),(2675,27,1019,'',15),(2676,28,1019,'false',15),(2677,29,1019,'false',15),(2678,30,1019,'',15),(2679,32,1019,'false',15),(2680,33,1019,'false',15),(2681,34,1019,'false',15),(2682,35,1019,'false',15),(2683,1,1023,'false',12),(2684,2,1023,'true',12),(2685,61,1023,'',12),(2686,3,1023,'1',12),(2687,62,1023,'',12),(2688,4,1023,'',12),(2689,5,1023,'',12),(2690,6,1023,'',12),(2691,7,1023,'3',12),(2692,8,1023,'',12),(2693,9,1023,'',12),(2694,31,1023,'',12),(2695,10,1023,'',12),(2696,11,1023,'',12),(2697,12,1023,'3',12),(2698,13,1023,'',12),(2699,14,1023,'true',12),(2700,15,1023,'Assisted Others',12),(2701,19,1023,'0',12),(2702,36,1023,'false',12),(2703,20,1023,'0',12),(2704,37,1023,'false',12),(2705,21,1023,'0',12),(2706,38,1023,'false',12),(2707,22,1023,'288',12),(2708,23,1023,'Loss',12),(2709,26,1023,'',12),(2710,27,1023,'',12),(2711,28,1023,'false',12),(2712,29,1023,'false',12),(2713,30,1023,'They put cubes in the exchange, but I don\'t know where.  I couldn\'t see.',12),(2714,32,1023,'false',12),(2715,33,1023,'false',12),(2716,34,1023,'false',12),(2717,35,1023,'false',12),(2718,1,1022,'true',26),(2719,2,1022,'true',26),(2720,61,1022,'',26),(2721,3,1022,'',26),(2722,62,1022,'',26),(2723,4,1022,'',26),(2724,5,1022,'',26),(2725,6,1022,'',26),(2726,7,1022,'',26),(2727,8,1022,'',26),(2728,9,1022,'1',26),(2729,31,1022,'',26),(2730,10,1022,'',26),(2731,11,1022,'1',26),(2732,12,1022,'',26),(2733,13,1022,'',26),(2734,14,1022,'true',26),(2735,15,1022,'Assisted Others',26),(2736,19,1022,'0',26),(2737,36,1022,'false',26),(2738,20,1022,'3',26),(2739,37,1022,'true',26),(2740,21,1022,'3',26),(2741,38,1022,'true',26),(2742,22,1022,'343',26),(2743,23,1022,'Win',26),(2744,26,1022,'',26),(2745,27,1022,'',26),(2746,28,1022,'false',26),(2747,29,1022,'false',26),(2748,30,1022,'Head was either intentionally angled or broken. Has a bar on the side',26),(2749,32,1022,'false',26),(2750,33,1022,'false',26),(2751,34,1022,'false',26),(2752,35,1022,'false',26),(2754,1,1024,'true',14),(2755,2,1024,'false',14),(2756,61,1024,'',14),(2757,3,1024,'2',14),(2758,62,1024,'',14),(2759,4,1024,'',14),(2760,5,1024,'',14),(2761,6,1024,'',14),(2762,7,1024,'',14),(2763,8,1024,'1',14),(2764,9,1024,'',14),(2765,31,1024,'',14),(2766,10,1024,'1',14),(2767,11,1024,'3',14),(2768,12,1024,'5',14),(2769,13,1024,'',14),(2770,14,1024,'true',14),(2771,15,1024,'Solo',14),(2772,19,1024,'2',14),(2773,36,1024,'true',14),(2774,20,1024,'3',14),(2775,37,1024,'true',14),(2776,21,1024,'0',14),(2777,38,1024,'false',14),(2778,22,1024,'343',14),(2779,23,1024,'Win',14),(2780,26,1024,'',14),(2781,27,1024,'',14),(2782,28,1024,'false',14),(2783,29,1024,'false',14),(2784,30,1024,'Fast but can\'t get scale when high. Can climb from side.',14),(2785,32,1024,'false',14),(2786,33,1024,'false',14),(2787,34,1024,'false',14),(2788,35,1024,'false',14),(2789,1,1030,'true',15),(2790,2,1030,'false',15),(2791,61,1030,'1',15),(2792,3,1030,'',15),(2793,62,1030,'',15),(2794,4,1030,'',15),(2795,5,1030,'',15),(2796,6,1030,'',15),(2797,7,1030,'1',15),(2798,8,1030,'',15),(2799,9,1030,'4',15),(2800,31,1030,'',15),(2801,10,1030,'',15),(2802,11,1030,'',15),(2803,12,1030,'',15),(2804,13,1030,'',15),(2805,14,1030,'true',15),(2806,15,1030,'Solo',15),(2807,19,1030,'0',15),(2808,36,1030,'false',15),(2809,20,1030,'0',15),(2810,37,1030,'false',15),(2811,21,1030,'0',15),(2812,38,1030,'false',15),(2813,22,1030,'458',15),(2814,23,1030,'Win',15),(2815,26,1030,'',15),(2816,27,1030,'',15),(2817,28,1030,'false',15),(2818,29,1030,'false',15),(2819,30,1030,'',15),(2820,32,1030,'false',15),(2821,33,1030,'false',15),(2822,34,1030,'false',15),(2823,35,1030,'false',15),(2824,1,1025,'true',7),(2825,2,1025,'true',7),(2826,61,1025,'',7),(2827,3,1025,'',7),(2828,62,1025,'',7),(2829,4,1025,'',7),(2830,5,1025,'',7),(2831,6,1025,'',7),(2832,7,1025,'1',7),(2833,8,1025,'',7),(2834,9,1025,'',7),(2835,31,1025,'',7),(2836,10,1025,'',7),(2837,11,1025,'4',7),(2838,12,1025,'',7),(2839,13,1025,'',7),(2840,14,1025,'false',7),(2841,15,1025,'Assisted Others',7),(2842,19,1025,'3',7),(2843,36,1025,'true',7),(2844,20,1025,'3',7),(2845,37,1025,'true',7),(2846,21,1025,'3',7),(2847,38,1025,'true',7),(2848,22,1025,'458',7),(2849,23,1025,'Win',7),(2850,26,1025,'',7),(2851,27,1025,'',7),(2852,28,1025,'false',7),(2853,29,1025,'false',7),(2854,30,1025,'',7),(2855,32,1025,'false',7),(2856,33,1025,'false',7),(2857,34,1025,'false',7),(2858,35,1025,'false',7),(2859,1,1029,'true',12),(2860,2,1029,'true',12),(2861,61,1029,'',12),(2862,3,1029,'',12),(2863,62,1029,'',12),(2864,4,1029,'',12),(2865,5,1029,'',12),(2866,6,1029,'',12),(2867,7,1029,'',12),(2868,8,1029,'',12),(2869,9,1029,'',12),(2870,31,1029,'',12),(2871,10,1029,'1',12),(2872,11,1029,'1',12),(2873,12,1029,'',12),(2874,13,1029,'',12),(2875,14,1029,'false',12),(2876,15,1029,'Did not climb',12),(2877,19,1029,'0',12),(2878,36,1029,'false',12),(2879,20,1029,'0',12),(2880,37,1029,'false',12),(2881,21,1029,'0',12),(2882,38,1029,'false',12),(2883,22,1029,'210',12),(2884,23,1029,'Loss',12),(2885,26,1029,'',12),(2886,27,1029,'',12),(2887,28,1029,'false',12),(2888,29,1029,'false',12),(2889,30,1029,'Manipulator for robot is unreliable.  Dropped cubes many times',12),(2890,32,1029,'false',12),(2891,33,1029,'false',12),(2892,34,1029,'false',12),(2893,35,1029,'false',12),(2894,1,1028,'true',26),(2895,2,1028,'false',26),(2896,61,1028,'',26),(2897,3,1028,'',26),(2898,62,1028,'',26),(2899,4,1028,'',26),(2900,5,1028,'',26),(2901,6,1028,'1',26),(2902,7,1028,'3',26),(2903,8,1028,'',26),(2904,9,1028,'',26),(2905,31,1028,'',26),(2906,10,1028,'',26),(2907,11,1028,'',26),(2908,12,1028,'5',26),(2909,13,1028,'',26),(2910,14,1028,'true',26),(2911,15,1028,'Did not climb',26),(2912,19,1028,'0',26),(2913,36,1028,'false',26),(2914,20,1028,'3',26),(2915,37,1028,'true',26),(2916,21,1028,'2',26),(2917,38,1028,'true',26),(2918,22,1028,'210',26),(2919,23,1028,'Loss',26),(2920,26,1028,'',26),(2921,27,1028,'',26),(2922,28,1028,'false',26),(2923,29,1028,'false',26),(2924,30,1028,'',26),(2925,32,1028,'false',26),(2926,33,1028,'false',26),(2927,34,1028,'false',26),(2928,35,1028,'false',26),(2929,1,1027,'true',15),(2930,2,1027,'true',15),(2931,61,1027,'',15),(2932,3,1027,'',15),(2933,62,1027,'',15),(2934,4,1027,'',15),(2935,5,1027,'',15),(2936,6,1027,'',15),(2937,7,1027,'',15),(2938,8,1027,'',15),(2939,9,1027,'',15),(2940,31,1027,'',15),(2941,10,1027,'',15),(2942,11,1027,'',15),(2943,12,1027,'8',15),(2944,13,1027,'',15),(2945,14,1027,'true',15),(2946,15,1027,'Solo',15),(2947,19,1027,'3',15),(2948,36,1027,'true',15),(2949,20,1027,'3',15),(2950,37,1027,'true',15),(2951,21,1027,'3',15),(2952,38,1027,'true',15),(2953,22,1027,'458',15),(2954,23,1027,'Win',15),(2955,26,1027,'',15),(2956,27,1027,'',15),(2957,28,1027,'false',15),(2958,29,1027,'false',15),(2959,30,1027,'Vault',15),(2960,32,1027,'false',15),(2961,33,1027,'false',15),(2962,34,1027,'false',15),(2963,35,1027,'false',15),(2964,1,1026,'true',14),(2965,2,1026,'false',14),(2966,61,1026,'',14),(2967,3,1026,'',14),(2968,62,1026,'',14),(2969,4,1026,'',14),(2970,5,1026,'',14),(2971,6,1026,'',14),(2972,7,1026,'1',14),(2973,8,1026,'',14),(2974,9,1026,'1',14),(2975,31,1026,'',14),(2976,10,1026,'',14),(2977,11,1026,'',14),(2978,12,1026,'',14),(2979,13,1026,'',14),(2980,14,1026,'true',14),(2981,15,1026,'Did not climb',14),(2982,19,1026,'2',14),(2983,36,1026,'true',14),(2984,20,1026,'3',14),(2985,37,1026,'true',14),(2986,21,1026,'0',14),(2987,38,1026,'false',14),(2988,22,1026,'210',14),(2989,23,1026,'Loss',14),(2990,26,1026,'',14),(2991,27,1026,'',14),(2992,28,1026,'false',14),(2993,29,1026,'false',14),(2994,30,1026,'',14),(2995,32,1026,'false',14),(2996,33,1026,'false',14),(2997,34,1026,'false',14),(2998,35,1026,'false',14),(2999,1,1036,'true',37),(3000,2,1036,'true',37),(3001,61,1036,'1',37),(3002,3,1036,'1',37),(3003,62,1036,'',37),(3004,4,1036,'',37),(3005,5,1036,'',37),(3006,6,1036,'3',37),(3007,7,1036,'2',37),(3008,8,1036,'',37),(3009,9,1036,'1',37),(3010,31,1036,'',37),(3011,10,1036,'1',37),(3012,11,1036,'1',37),(3013,12,1036,'',37),(3014,13,1036,'',37),(3015,14,1036,'true',37),(3016,15,1036,'Solo',37),(3017,19,1036,'0',37),(3018,36,1036,'false',37),(3019,20,1036,'0',37),(3020,37,1036,'false',37),(3021,21,1036,'0',37),(3022,38,1036,'false',37),(3023,22,1036,'',37),(3024,23,1036,'',37),(3025,26,1036,'',37),(3026,27,1036,'',37),(3027,28,1036,'false',37),(3028,29,1036,'false',37),(3029,30,1036,'',37),(3030,32,1036,'false',37),(3031,33,1036,'false',37),(3032,34,1036,'false',37),(3033,35,1036,'false',37),(3034,1,1031,'true',39),(3035,2,1031,'false',39),(3036,61,1031,'',39),(3037,3,1031,'',39),(3038,62,1031,'',39),(3039,4,1031,'',39),(3040,5,1031,'',39),(3041,6,1031,'',39),(3042,7,1031,'',39),(3043,8,1031,'',39),(3044,9,1031,'',39),(3045,31,1031,'',39),(3046,10,1031,'',39),(3047,11,1031,'',39),(3048,12,1031,'2',39),(3049,13,1031,'',39),(3050,14,1031,'true',39),(3051,15,1031,'Did not climb',39),(3052,19,1031,'0',39),(3053,36,1031,'false',39),(3054,20,1031,'1',39),(3055,37,1031,'true',39),(3056,21,1031,'1',39),(3057,38,1031,'true',39),(3058,22,1031,'281',39),(3059,23,1031,'Loss',39),(3060,26,1031,'',39),(3061,27,1031,'',39),(3062,28,1031,'false',39),(3063,29,1031,'false',39),(3064,30,1031,'',39),(3065,32,1031,'false',39),(3066,33,1031,'false',39),(3067,34,1031,'false',39),(3068,35,1031,'false',39),(3069,1,1035,'false',36),(3070,2,1035,'true',36),(3071,61,1035,'1',36),(3072,3,1035,'',36),(3073,62,1035,'',36),(3074,4,1035,'',36),(3075,5,1035,'',36),(3076,6,1035,'',36),(3077,7,1035,'1',36),(3078,8,1035,'',36),(3079,9,1035,'',36),(3080,31,1035,'',36),(3081,10,1035,'',36),(3082,11,1035,'',36),(3083,12,1035,'4',36),(3084,13,1035,'',36),(3085,14,1035,'false',36),(3086,15,1035,'Did not climb',36),(3087,19,1035,'0',36),(3088,36,1035,'false',36),(3089,20,1035,'3',36),(3090,37,1035,'true',36),(3091,21,1035,'2',36),(3092,38,1035,'true',36),(3093,22,1035,'440',36),(3094,23,1035,'Win',36),(3095,26,1035,'',36),(3096,27,1035,'',36),(3097,28,1035,'false',36),(3098,29,1035,'false',36),(3099,30,1035,'Really slow, elevator might be broken',36),(3100,32,1035,'false',36),(3101,33,1035,'false',36),(3102,34,1035,'false',36),(3103,35,1035,'false',36),(3104,1,1034,'true',11),(3105,2,1034,'true',11),(3106,61,1034,'',11),(3107,3,1034,'',11),(3108,62,1034,'',11),(3109,4,1034,'',11),(3110,5,1034,'',11),(3111,6,1034,'',11),(3112,7,1034,'',11),(3113,8,1034,'',11),(3114,9,1034,'',11),(3115,31,1034,'',11),(3116,10,1034,'',11),(3117,11,1034,'',11),(3118,12,1034,'6',11),(3119,13,1034,'',11),(3120,14,1034,'false',11),(3121,15,1034,'Assisted Others',11),(3122,19,1034,'2',11),(3123,36,1034,'true',11),(3124,20,1034,'3',11),(3125,37,1034,'true',11),(3126,21,1034,'1',11),(3127,38,1034,'true',11),(3128,22,1034,'281',11),(3129,23,1034,'Loss',11),(3130,26,1034,'',11),(3131,27,1034,'',11),(3132,28,1034,'false',11),(3133,29,1034,'false',11),(3134,30,1034,'Only did exchange, had to come ad cube head on',11),(3135,32,1034,'false',11),(3136,33,1034,'false',11),(3137,34,1034,'false',11),(3138,35,1034,'false',11),(3140,1,1033,'true',14),(3141,2,1033,'true',14),(3142,61,1033,'',14),(3143,3,1033,'',14),(3144,62,1033,'1',14),(3145,4,1033,'',14),(3146,5,1033,'',14),(3147,6,1033,'',14),(3148,7,1033,'',14),(3149,8,1033,'',14),(3150,9,1033,'1',14),(3151,31,1033,'',14),(3152,10,1033,'2',14),(3153,11,1033,'3',14),(3154,12,1033,'',14),(3155,13,1033,'',14),(3156,14,1033,'true',14),(3157,15,1033,'Solo',14),(3158,19,1033,'0',14),(3159,36,1033,'false',14),(3160,20,1033,'0',14),(3161,37,1033,'false',14),(3162,21,1033,'0',14),(3163,38,1033,'false',14),(3164,22,1033,'440',14),(3165,23,1033,'Win',14),(3166,26,1033,'',14),(3167,27,1033,'',14),(3168,28,1033,'false',14),(3169,29,1033,'false',14),(3170,30,1033,'',14),(3171,32,1033,'false',14),(3172,33,1033,'false',14),(3173,34,1033,'false',14),(3174,35,1033,'false',14),(3175,1,1038,'true',11),(3176,2,1038,'true',11),(3177,61,1038,'',11),(3178,3,1038,'1',11),(3179,62,1038,'',11),(3180,4,1038,'',11),(3181,5,1038,'',11),(3182,6,1038,'',11),(3183,7,1038,'3',11),(3184,8,1038,'',11),(3185,9,1038,'',11),(3186,31,1038,'',11),(3187,10,1038,'',11),(3188,11,1038,'1',11),(3189,12,1038,'',11),(3190,13,1038,'',11),(3191,14,1038,'true',11),(3192,15,1038,'Solo',11),(3193,19,1038,'2',11),(3194,36,1038,'true',11),(3195,20,1038,'3',11),(3196,37,1038,'true',11),(3197,21,1038,'0',11),(3198,38,1038,'false',11),(3199,22,1038,'281',11),(3200,23,1038,'Loss',11),(3201,26,1038,'',11),(3202,27,1038,'',11),(3203,28,1038,'false',11),(3204,29,1038,'false',11),(3205,30,1038,'Slow moving',11),(3206,32,1038,'false',11),(3207,33,1038,'false',11),(3208,34,1038,'false',11),(3209,35,1038,'false',11),(3210,1,1039,'true',39),(3211,2,1039,'false',39),(3212,61,1039,'',39),(3213,3,1039,'',39),(3214,62,1039,'',39),(3215,4,1039,'',39),(3216,5,1039,'',39),(3217,6,1039,'',39),(3218,7,1039,'1',39),(3219,8,1039,'',39),(3220,9,1039,'1',39),(3221,31,1039,'',39),(3222,10,1039,'',39),(3223,11,1039,'',39),(3224,12,1039,'',39),(3225,13,1039,'',39),(3226,14,1039,'true',39),(3227,15,1039,'Did not climb',39),(3228,19,1039,'0',39),(3229,36,1039,'false',39),(3230,20,1039,'0',39),(3231,37,1039,'false',39),(3232,21,1039,'0',39),(3233,38,1039,'false',39),(3234,22,1039,'',39),(3235,23,1039,'',39),(3236,26,1039,'',39),(3237,27,1039,'',39),(3238,28,1039,'false',39),(3239,29,1039,'false',39),(3240,30,1039,'',39),(3241,32,1039,'false',39),(3242,33,1039,'false',39),(3243,34,1039,'false',39),(3244,35,1039,'false',39),(3245,1,1044,'false',11),(3246,2,1044,'false',11),(3247,61,1044,'',11),(3248,3,1044,'',11),(3249,62,1044,'',11),(3250,4,1044,'',11),(3251,5,1044,'',11),(3252,6,1044,'',11),(3253,7,1044,'',11),(3254,8,1044,'',11),(3255,9,1044,'',11),(3256,31,1044,'',11),(3257,10,1044,'',11),(3258,11,1044,'',11),(3259,12,1044,'',11),(3260,13,1044,'',11),(3261,14,1044,'false',11),(3262,15,1044,'Assisted Others',11),(3263,19,1044,'0',11),(3264,36,1044,'false',11),(3265,20,1044,'0',11),(3266,37,1044,'false',11),(3267,21,1044,'0',11),(3268,38,1044,'false',11),(3269,22,1044,'',11),(3270,23,1044,'',11),(3271,26,1044,'',11),(3272,27,1044,'',11),(3273,28,1044,'false',11),(3274,29,1044,'false',11),(3275,30,1044,'',11),(3276,32,1044,'true',11),(3277,33,1044,'false',11),(3278,34,1044,'false',11),(3279,35,1044,'false',11),(3280,1,1037,'false',16),(3281,2,1037,'true',16),(3282,61,1037,'',16),(3283,3,1037,'',16),(3284,62,1037,'1',16),(3285,4,1037,'',16),(3286,5,1037,'',16),(3287,6,1037,'',16),(3288,7,1037,'',16),(3289,8,1037,'',16),(3290,9,1037,'',16),(3291,31,1037,'',16),(3292,10,1037,'',16),(3293,11,1037,'',16),(3294,12,1037,'5',16),(3295,13,1037,'',16),(3296,14,1037,'true',16),(3297,15,1037,'Solo',16),(3298,19,1037,'1',16),(3299,36,1037,'true',16),(3300,20,1037,'3',16),(3301,37,1037,'true',16),(3302,21,1037,'1',16),(3303,38,1037,'true',16),(3304,22,1037,'211',16),(3305,23,1037,'Loss',16),(3306,26,1037,'',16),(3307,27,1037,'',16),(3308,28,1037,'false',16),(3309,29,1037,'false',16),(3310,30,1037,'Elevator slow',16),(3311,32,1037,'false',16),(3312,33,1037,'false',16),(3313,34,1037,'false',16),(3314,35,1037,'false',16),(3315,1,1040,'true',24),(3316,2,1040,'true',24),(3317,61,1040,'',24),(3318,3,1040,'',24),(3319,62,1040,'',24),(3320,4,1040,'',24),(3321,5,1040,'',24),(3322,6,1040,'1',24),(3323,7,1040,'4',24),(3324,8,1040,'',24),(3325,9,1040,'2',24),(3326,31,1040,'',24),(3327,10,1040,'',24),(3328,11,1040,'',24),(3329,12,1040,'',24),(3330,13,1040,'',24),(3331,14,1040,'true',24),(3332,15,1040,'Solo',24),(3333,19,1040,'2',24),(3334,36,1040,'true',24),(3335,20,1040,'3',24),(3336,37,1040,'true',24),(3337,21,1040,'3',24),(3338,38,1040,'true',24),(3339,22,1040,'388',24),(3340,23,1040,'Win',24),(3341,26,1040,'',24),(3342,27,1040,'',24),(3343,28,1040,'false',24),(3344,29,1040,'false',24),(3345,30,1040,'Pretty much the best, and had good drivers',24),(3346,32,1040,'false',24),(3347,33,1040,'false',24),(3348,34,1040,'false',24),(3349,35,1040,'false',24),(3354,1,1042,'true',15),(3355,2,1042,'false',15),(3356,61,1042,'1',15),(3357,3,1042,'',15),(3358,62,1042,'',15),(3359,4,1042,'',15),(3360,5,1042,'',15),(3361,6,1042,'',15),(3362,7,1042,'',15),(3363,8,1042,'1',15),(3364,9,1042,'3',15),(3365,31,1042,'',15),(3366,10,1042,'',15),(3367,11,1042,'',15),(3368,12,1042,'',15),(3369,13,1042,'',15),(3370,14,1042,'true',15),(3371,15,1042,'Did not climb',15),(3372,19,1042,'1',15),(3373,36,1042,'true',15),(3374,20,1042,'3',15),(3375,37,1042,'true',15),(3376,21,1042,'1',15),(3377,38,1042,'true',15),(3378,22,1042,'211',15),(3379,23,1042,'Loss',15),(3380,26,1042,'',15),(3381,27,1042,'',15),(3382,28,1042,'false',15),(3383,29,1042,'false',15),(3384,30,1042,'',15),(3385,32,1042,'false',15),(3386,33,1042,'false',15),(3387,34,1042,'false',15),(3388,35,1042,'false',15),(3389,1,1048,'true',11),(3390,2,1048,'true',11),(3391,61,1048,'',11),(3392,3,1048,'',11),(3393,62,1048,'',11),(3394,4,1048,'',11),(3395,5,1048,'',11),(3396,6,1048,'',11),(3397,7,1048,'2',11),(3398,8,1048,'',11),(3399,9,1048,'',11),(3400,31,1048,'',11),(3401,10,1048,'',11),(3402,11,1048,'',11),(3403,12,1048,'5',11),(3404,13,1048,'',11),(3405,14,1048,'false',11),(3406,15,1048,'Did not climb',11),(3407,19,1048,'3',11),(3408,36,1048,'true',11),(3409,20,1048,'3',11),(3410,37,1048,'true',11),(3411,21,1048,'1',11),(3412,38,1048,'true',11),(3413,22,1048,'240',11),(3414,23,1048,'Loss',11),(3415,26,1048,'',11),(3416,27,1048,'',11),(3417,28,1048,'false',11),(3418,29,1048,'false',11),(3419,30,1048,'',11),(3420,32,1048,'false',11),(3421,33,1048,'false',11),(3422,34,1048,'false',11),(3423,35,1048,'false',11),(3424,1,1043,'false',36),(3425,2,1043,'true',36),(3426,61,1043,'',36),(3427,3,1043,'',36),(3428,62,1043,'',36),(3429,4,1043,'',36),(3430,5,1043,'',36),(3431,6,1043,'2',36),(3432,7,1043,'1',36),(3433,8,1043,'',36),(3434,9,1043,'',36),(3435,31,1043,'',36),(3436,10,1043,'',36),(3437,11,1043,'',36),(3438,12,1043,'1',36),(3439,13,1043,'',36),(3440,14,1043,'true',36),(3441,15,1043,'Assisted Others',36),(3442,19,1043,'1',36),(3443,36,1043,'false',36),(3444,20,1043,'3',36),(3445,37,1043,'true',36),(3446,21,1043,'3',36),(3447,38,1043,'true',36),(3448,22,1043,'381',36),(3449,23,1043,'Win',36),(3450,26,1043,'',36),(3451,27,1043,'',36),(3452,28,1043,'false',36),(3453,29,1043,'false',36),(3454,30,1043,'Slow.',36),(3455,32,1043,'false',36),(3456,33,1043,'false',36),(3457,34,1043,'false',36),(3458,35,1043,'false',36),(3459,1,1047,'true',39),(3460,2,1047,'true',39),(3461,61,1047,'',39),(3462,3,1047,'',39),(3463,62,1047,'',39),(3464,4,1047,'',39),(3465,5,1047,'',39),(3466,6,1047,'',39),(3467,7,1047,'',39),(3468,8,1047,'',39),(3469,9,1047,'',39),(3470,31,1047,'',39),(3471,10,1047,'',39),(3472,11,1047,'',39),(3473,12,1047,'',39),(3474,13,1047,'',39),(3475,14,1047,'true',39),(3476,15,1047,'Did not climb',39),(3477,19,1047,'0',39),(3478,36,1047,'false',39),(3479,20,1047,'0',39),(3480,37,1047,'false',39),(3481,21,1047,'0',39),(3482,38,1047,'false',39),(3483,22,1047,'240',39),(3484,23,1047,'Loss',39),(3485,26,1047,'',39),(3486,27,1047,'',39),(3487,28,1047,'false',39),(3488,29,1047,'false',39),(3489,30,1047,'Did not climb, as was attempting to get another not unstuck.',39),(3490,32,1047,'false',39),(3491,33,1047,'false',39),(3492,34,1047,'false',39),(3493,35,1047,'false',39),(3494,39,824,'6 wheel tank',11),(3495,40,824,'Yes',11),(3496,41,824,'Camera',11),(3497,42,824,'true',11),(3498,43,824,'true',11),(3499,44,824,'true',11),(3500,45,824,'true',11),(3501,46,824,'true',11),(3502,47,824,'true',11),(3503,48,824,'true',11),(3504,49,824,'true',11),(3505,54,824,'Maybe',11),(3506,55,824,'Levitate if partner can\'t climb\nBoost',11),(3507,50,824,'Yes',11),(3508,51,824,'Elevator',11),(3509,52,824,'true',11),(3510,53,824,'Bars that people can latch onto',11),(3511,56,824,'false',11),(3512,57,824,'Depends on alliance\nOffensive scale',11),(3513,59,824,'',11),(3514,60,824,'Good',11),(3515,39,854,'6 wheel tank',15),(3516,40,854,'Yes',15),(3517,41,854,'Camera',15),(3518,42,854,'true',15),(3519,43,854,'true',15),(3520,44,854,'true',15),(3521,45,854,'true',15),(3522,46,854,'true',15),(3523,47,854,'true',15),(3524,48,854,'true',15),(3525,49,854,'true',15),(3526,54,854,'No',15),(3527,55,854,'Levitate',15),(3528,50,854,'Yes',15),(3529,51,854,'Hook and winch',15),(3530,52,854,'false',15),(3531,53,854,'',15),(3532,56,854,'false',15),(3533,57,854,'Hold the scale',15),(3534,59,854,'',15),(3535,60,854,'Good',15),(3536,39,1132,'Tank drive 2 wheel \nIdol wheels spin forward',28),(3537,40,1132,'Maybe',28),(3538,41,1132,'Camera',28),(3539,63,1132,'They will add it camera, intake rollers, elevator with chain',28),(3540,42,1132,'true',28),(3541,43,1132,'true',28),(3542,44,1132,'true',28),(3543,45,1132,'true',28),(3544,46,1132,'true',28),(3545,47,1132,'true',28),(3546,48,1132,'true',28),(3547,49,1132,'false',28),(3548,54,1132,'Yes',28),(3549,55,1132,'Levitate first, then boost, force',28),(3550,50,1132,'Yes',28),(3551,51,1132,'Lift elevator, hook',28),(3552,52,1132,'false',28),(3553,53,1132,'',28),(3554,56,1132,'true',28),(3555,57,1132,'Switch, scale, exchange',28),(3556,59,1132,'2nd comp',28),(3557,60,1132,'Good',28),(3558,39,1166,'Tank 3 wheels',28),(3559,40,1166,'Yes',28),(3560,41,1166,'Camera',28),(3561,63,1166,'Portal push onto robot',28),(3562,42,1166,'true',28),(3563,43,1166,'false',28),(3564,44,1166,'false',28),(3565,45,1166,'false',28),(3566,46,1166,'true',28),(3567,47,1166,'false',28),(3568,48,1166,'true',28),(3569,49,1166,'true',28),(3570,54,1166,'No',28),(3571,55,1166,'Levitate, depends on time',28),(3572,50,1166,'Yes',28),(3573,51,1166,'Elevator hook',28),(3574,52,1166,'false',28),(3575,53,1166,'',28),(3576,56,1166,'true',28),(3577,57,1166,'Switch ownership, then climb, and maybe levitate',28),(3578,59,1166,'',28),(3579,60,1166,'Good',28),(3580,39,1164,'Tank 3 wheel',28),(3581,40,1164,'Yes',28),(3582,41,1164,'Camera',28),(3583,63,1164,'Claw that sucks with green squishy wheels, lamp method',28),(3584,42,1164,'true',28),(3585,43,1164,'true',28),(3586,44,1164,'false',28),(3587,45,1164,'false',28),(3588,46,1164,'true',28),(3589,47,1164,'false',28),(3590,48,1164,'true',28),(3591,49,1164,'false',28),(3592,54,1164,'Maybe',28),(3593,55,1164,'Levitate',28),(3594,50,1164,'No',28),(3595,51,1164,'',28),(3596,52,1164,'false',28),(3597,53,1164,'',28),(3598,56,1164,'true',28),(3599,57,1164,'Win, ranking points',28),(3600,59,1164,'Works well will be flexible',28),(3601,60,1164,'Good',28),(3602,39,1134,'Tank with a shifting gear 3 wheel',28),(3603,40,1134,'Yes',28),(3604,41,1134,'Camera',28),(3605,63,1134,'Intake with elevator',28),(3606,42,1134,'true',28),(3607,43,1134,'true',28),(3608,44,1134,'true',28),(3609,45,1134,'false',28),(3610,46,1134,'true',28),(3611,47,1134,'true',28),(3612,48,1134,'true',28),(3613,49,1134,'true',28),(3614,54,1134,'No',28),(3615,55,1134,'Depends on match levitate, boost, force',28),(3616,50,1134,'Yes',28),(3617,51,1134,'Climb, 2 sec, prefer 10 sec just a hook, share bar',28),(3618,52,1134,'false',28),(3619,53,1134,'',28),(3620,56,1134,'true',28),(3621,57,1134,'Scale, allies switch',28),(3622,59,1134,'Scale in auto iffy',28),(3623,60,1134,'Good',28),(3624,39,1135,'Mech drop center center wheel 2 feet per sec',28),(3625,40,1135,'Yes',28),(3626,41,1135,'Off-Board Vision Processing',28),(3627,63,1135,'Arm',28),(3628,42,1135,'true',28),(3629,43,1135,'true',28),(3630,44,1135,'true',28),(3631,45,1135,'false',28),(3632,46,1135,'true',28),(3633,47,1135,'true',28),(3634,48,1135,'true',28),(3635,49,1135,'true',28),(3636,54,1135,'Maybe',28),(3637,55,1135,'Use it strategically, levitate',28),(3638,50,1135,'No',28),(3639,51,1135,'',28),(3640,52,1135,'true',28),(3641,53,1135,'Pushed not onto ramp',28),(3642,56,1135,'true',28),(3643,57,1135,'Control scale, keep switch, maybe depends on strategy',28),(3644,59,1135,'Vision motion processing on rio, linear actuator to extend arm',28),(3645,60,1135,'Good',28),(3646,39,1163,'Tank 2 wheel with mech',28),(3647,40,1163,'Yes',28),(3648,41,1163,'Camera',28),(3649,63,1163,'Scissor lift, with prong system',28),(3650,42,1163,'true',28),(3651,43,1163,'true',28),(3652,44,1163,'true',28),(3653,45,1163,'false',28),(3654,46,1163,'true',28),(3655,47,1163,'true',28),(3656,48,1163,'true',28),(3657,49,1163,'true',28),(3658,54,1163,'Yes',28),(3659,55,1163,'Levitate',28),(3660,50,1163,'No',28),(3661,51,1163,'',28),(3662,52,1163,'false',28),(3663,53,1163,'',28),(3664,56,1163,'false',28),(3665,57,1163,'Defence, 3 cubes on scale',28),(3666,59,1163,'Outside for auto',28),(3667,60,1163,'Good',28),(3668,39,1162,'3 wheel tank',28),(3669,40,1162,'Maybe',28),(3670,41,1162,'Camera',28),(3671,63,1162,'Grip box',28),(3672,42,1162,'true',28),(3673,43,1162,'false',28),(3674,44,1162,'false',28),(3675,45,1162,'false',28),(3676,46,1162,'true',28),(3677,47,1162,'false',28),(3678,48,1162,'true',28),(3679,49,1162,'false',28),(3680,54,1162,'Yes',28),(3681,55,1162,'Levitate',28),(3682,50,1162,'No',28),(3683,51,1162,'',28),(3684,52,1162,'false',28),(3685,53,1162,'',28),(3686,56,1162,'true',28),(3687,57,1162,'Defend switch',28),(3688,59,1162,'',28),(3689,60,1162,'Good',28),(3690,39,1136,'4 wheel tank',28),(3691,40,1136,'Maybe',28),(3692,41,1136,'Camera',28),(3693,63,1136,'Intake rollers with elavator',28),(3694,42,1136,'true',28),(3695,43,1136,'true',28),(3696,44,1136,'true',28),(3697,45,1136,'false',28),(3698,46,1136,'true',28),(3699,47,1136,'true',28),(3700,48,1136,'true',28),(3701,49,1136,'false',28),(3702,54,1136,'No',28),(3703,55,1136,'Levitate',28),(3704,50,1136,'Yes',28),(3705,51,1136,'Winch with hook',28),(3706,52,1136,'false',28),(3707,53,1136,'',28),(3708,56,1136,'true',28),(3709,57,1136,'Scale,',28),(3710,59,1136,'Gyro for auto best in center',28),(3711,60,1136,'Good',28),(3712,39,1137,'Omni wheels tank 3 wheel',28),(3713,40,1137,'Yes',28),(3714,41,1137,'Camera',28),(3715,63,1137,'Intake rollers with elevator',28),(3716,42,1137,'true',28),(3717,43,1137,'false',28),(3718,44,1137,'false',28),(3719,45,1137,'false',28),(3720,46,1137,'true',28),(3721,47,1137,'true',28),(3722,48,1137,'true',28),(3723,49,1137,'false',28),(3724,54,1137,'Maybe',28),(3725,55,1137,'Depends on match, levitate',28),(3726,50,1137,'Yes',28),(3727,51,1137,'Winch, elavator lifts hook drop off',28),(3728,52,1137,'false',28),(3729,53,1137,'',28),(3730,56,1137,'true',28),(3731,57,1137,'Win, focus on what needs focus',28),(3732,59,1137,'',28),(3733,60,1137,'Good',28),(3734,39,1138,'West coast, 8 wheels to ommni',28),(3735,40,1138,'No',28),(3736,41,1138,'Camera',28),(3737,63,1138,'Intake wheels 6, elevator',28),(3738,42,1138,'true',28),(3739,43,1138,'true',28),(3740,44,1138,'true',28),(3741,45,1138,'false',28),(3742,46,1138,'true',28),(3743,47,1138,'true',28),(3744,48,1138,'true',28),(3745,49,1138,'false',28),(3746,54,1138,'No',28),(3747,55,1138,'Levitate as fast as possible, boost, force',28),(3748,50,1138,'Yes',28),(3749,51,1138,'Hook',28),(3750,52,1138,'false',28),(3751,53,1138,'',28),(3752,56,1138,'true',28),(3753,57,1138,'Flexible, scale play it by ear',28),(3754,59,1138,'',28),(3755,60,1138,'Good',28),(3756,39,1160,'6 wheel tank',28),(3757,40,1160,'No',28),(3758,41,1160,'Camera',28),(3759,63,1160,'Intake wheels winch, laugh into switch',28),(3760,42,1160,'true',28),(3761,43,1160,'false',28),(3762,44,1160,'false',28),(3763,45,1160,'false',28),(3764,46,1160,'true',28),(3765,47,1160,'false',28),(3766,48,1160,'false',28),(3767,49,1160,'false',28),(3768,54,1160,'Maybe',28),(3769,55,1160,'Levitate',28),(3770,50,1160,'No',28),(3771,51,1160,'',28),(3772,52,1160,'false',28),(3773,53,1160,'',28),(3774,56,1160,'true',28),(3775,57,1160,'Switch',28),(3776,59,1160,'',28),(3777,60,1160,'Good',28),(3778,39,1139,'3 wheel tank pneumatic wheels',28),(3779,40,1139,'No',28),(3780,41,1139,'Camera',28),(3781,63,1139,'Claw scissor lift',28),(3782,42,1139,'true',28),(3783,43,1139,'true',28),(3784,44,1139,'true',28),(3785,45,1139,'true',28),(3786,46,1139,'true',28),(3787,47,1139,'true',28),(3788,48,1139,'true',28),(3789,49,1139,'false',28),(3790,54,1139,'Maybe',28),(3791,55,1139,'Levitate',28),(3792,50,1139,'No',28),(3793,51,1139,'',28),(3794,52,1139,'false',28),(3795,53,1139,'',28),(3796,56,1139,'true',28),(3797,57,1139,'Control scale, defend on switch other team',28),(3798,59,1139,'',28),(3799,60,1139,'Good',28),(3800,39,1140,'Arcade 2 wheel',28),(3801,40,1140,'No',28),(3802,41,1140,'Camera',28),(3803,63,1140,'Exchange receive and working on off the g ound',28),(3804,42,1140,'true',28),(3805,43,1140,'true',28),(3806,44,1140,'false',28),(3807,45,1140,'true',28),(3808,46,1140,'true',28),(3809,47,1140,'false',28),(3810,48,1140,'true',28),(3811,49,1140,'true',28),(3812,54,1140,'No',28),(3813,55,1140,'Levitate',28),(3814,50,1140,'No',28),(3815,51,1140,'',28),(3816,52,1140,'false',28),(3817,53,1140,'',28),(3818,56,1140,'true',28),(3819,57,1140,'Exchange, power ups, then switch',28),(3820,59,1140,'',28),(3821,60,1140,'Good',28),(3822,39,1159,'3 wheel tamk',28),(3823,40,1159,'Yes',28),(3824,41,1159,'Camera',28),(3825,63,1159,'Cub exchange drop and shoot out back into switch, scale trap with, elevator',28),(3826,42,1159,'true',28),(3827,43,1159,'true',28),(3828,44,1159,'false',28),(3829,45,1159,'false',28),(3830,46,1159,'true',28),(3831,47,1159,'true',28),(3832,48,1159,'true',28),(3833,49,1159,'true',28),(3834,54,1159,'No',28),(3835,55,1159,'Vault is hardest',28),(3836,50,1159,'No',28),(3837,51,1159,'',28),(3838,52,1159,'false',28),(3839,53,1159,'',28),(3840,56,1159,'true',28),(3841,57,1159,'Take opposite alliance switch , auto scale , takes proity, flexible',28),(3842,59,1159,'Have to start in auto in middle, really like informative',28),(3843,60,1159,'Good',28),(3844,39,1158,'3 wheel tank',28),(3845,40,1158,'Yes',28),(3846,41,1158,'Camera',28),(3847,63,1158,'Pick and elavator',28),(3848,42,1158,'true',28),(3849,43,1158,'true',28),(3850,44,1158,'false',28),(3851,45,1158,'false',28),(3852,46,1158,'true',28),(3853,47,1158,'true',28),(3854,48,1158,'true',28),(3855,49,1158,'false',28),(3856,54,1158,'Maybe',28),(3857,55,1158,'Levitate',28),(3858,50,1158,'Yes',28),(3859,51,1158,'How ok and elevator',28),(3860,52,1158,'false',28),(3861,53,1158,'',28),(3862,56,1158,'true',28),(3863,57,1158,'Depends on team',28),(3864,59,1158,'Switch in progress auto',28),(3865,60,1158,'Good',28),(3866,39,1141,'3 wheel tank',28),(3867,40,1141,'No',28),(3868,41,1141,'Camera',28),(3869,63,1141,'Push, working on claw',28),(3870,42,1141,'true',28),(3871,43,1141,'false',28),(3872,44,1141,'false',28),(3873,45,1141,'false',28),(3874,46,1141,'false',28),(3875,47,1141,'false',28),(3876,48,1141,'true',28),(3877,49,1141,'false',28),(3878,54,1141,'Yes',28),(3879,55,1141,'Levitate',28),(3880,50,1141,'No',28),(3881,51,1141,'',28),(3882,52,1141,'false',28),(3883,53,1141,'',28),(3884,56,1141,'true',28),(3885,57,1141,'Push cubes, play defense',28),(3886,59,1141,'',28),(3887,60,1141,'OK',28),(3888,39,1157,'Tank 6 wheels',28),(3889,40,1157,'Maybe',28),(3890,41,1157,'Camera',28),(3891,63,1157,'Intake rollers 2 stage elavator',28),(3892,42,1157,'true',28),(3893,43,1157,'true',28),(3894,44,1157,'false',28),(3895,45,1157,'false',28),(3896,46,1157,'true',28),(3897,47,1157,'true',28),(3898,48,1157,'true',28),(3899,49,1157,'false',28),(3900,54,1157,'No',28),(3901,55,1157,'Levitate, either other dthan depends',28),(3902,50,1157,'Yes',28),(3903,51,1157,'Elevator middle hook',28),(3904,52,1157,'false',28),(3905,53,1157,'',28),(3906,56,1157,'true',28),(3907,57,1157,'Scale',28),(3908,59,1157,'',28),(3909,60,1157,'Good',28),(3910,39,1142,'6 wheel tank',28),(3911,40,1142,'Yes',28),(3912,41,1142,'Camera',28),(3913,63,1142,'Intake rollers, shooter, very accurate',28),(3914,42,1142,'true',28),(3915,43,1142,'true',28),(3916,44,1142,'false',28),(3917,45,1142,'false',28),(3918,46,1142,'true',28),(3919,47,1142,'true',28),(3920,48,1142,'true',28),(3921,49,1142,'false',28),(3922,54,1142,'No',28),(3923,55,1142,'They fill the vault, 2nd regional',28),(3924,50,1142,'No',28),(3925,51,1142,'',28),(3926,52,1142,'false',28),(3927,53,1142,'',28),(3928,56,1142,'true',28),(3929,57,1142,'Middle auto, in theory , exchange',28),(3930,59,1142,'Speedy',28),(3931,60,1142,'Good',28),(3932,39,1156,'Tank 2 wheel',28),(3933,40,1156,'No',28),(3934,41,1156,'Camera',28),(3935,63,1156,'Claw, lamp method',28),(3936,42,1156,'true',28),(3937,43,1156,'false',28),(3938,44,1156,'false',28),(3939,45,1156,'false',28),(3940,46,1156,'true',28),(3941,47,1156,'true',28),(3942,48,1156,'true',28),(3943,49,1156,'false',28),(3944,54,1156,'No',28),(3945,55,1156,'Fill',28),(3946,50,1156,'Yes',28),(3947,51,1156,'Hook',28),(3948,52,1156,'true',28),(3949,53,1156,'Bars attached for others 500-600',28),(3950,56,1156,'true',28),(3951,57,1156,'Ownership, power ups critical, vault full helpful',28),(3952,59,1156,'',28),(3953,60,1156,'Good',28),(3954,39,1143,'Swerve drive',28),(3955,40,1143,'Yes',28),(3956,41,1143,'Camera',28),(3957,63,1143,'Sucks it in and flips it into scale or switch shoots. Against wall. Too many cubes accuracy fails.',28),(3958,42,1143,'true',28),(3959,43,1143,'true',28),(3960,44,1143,'false',28),(3961,45,1143,'false',28),(3962,46,1143,'true',28),(3963,47,1143,'true',28),(3964,48,1143,'true',28),(3965,49,1143,'false',28),(3966,54,1143,'Maybe',28),(3967,55,1143,'Levitate',28),(3968,50,1143,'No',28),(3969,51,1143,'',28),(3970,52,1143,'false',28),(3971,53,1143,'',28),(3972,56,1143,'true',28),(3973,57,1143,'Start with scale then help out what\'s needed',28),(3974,59,1143,'Switch auto center, flexible',28),(3975,60,1143,'Good',28),(3976,39,1154,'4 Omani wheels with  2 stand wheels tank',28),(3977,40,1154,'No',28),(3978,41,1154,'Camera',28),(3979,63,1154,'Intake rollers with elevator',28),(3980,42,1154,'true',28),(3981,43,1154,'true',28),(3982,44,1154,'true',28),(3983,45,1154,'false',28),(3984,46,1154,'true',28),(3985,47,1154,'true',28),(3986,48,1154,'true',28),(3987,49,1154,'false',28),(3988,54,1154,'No',28),(3989,55,1154,'Levitate',28),(3990,50,1154,'Yes',28),(3991,51,1154,'Hook with winch, can share bar',28),(3992,52,1154,'false',28),(3993,53,1154,'',28),(3994,56,1154,'true',28),(3995,57,1154,'Scale',28),(3996,59,1154,'Can\'t do middle auto, flexible',28),(3997,60,1154,'Good',28),(3998,39,1145,'Mech, 3 wheel',28),(3999,40,1145,'No',28),(4000,41,1145,'Camera',28),(4001,63,1145,'Intake, with elevator',28),(4002,42,1145,'true',28),(4003,43,1145,'false',28),(4004,44,1145,'false',28),(4005,45,1145,'false',28),(4006,46,1145,'true',28),(4007,47,1145,'true',28),(4008,48,1145,'true',28),(4009,49,1145,'false',28),(4010,54,1145,'No',28),(4011,55,1145,'Boost, most points',28),(4012,50,1145,'No',28),(4013,51,1145,'',28),(4014,52,1145,'false',28),(4015,53,1145,'',28),(4016,56,1145,'true',28),(4017,57,1145,'Many points as possible',28),(4018,59,1145,'Working on switch auto',28),(4019,60,1145,'OK',28),(4020,39,1153,'2 wheel mechnam',28),(4021,40,1153,'No',28),(4022,41,1153,'Camera',28),(4023,63,1153,'Gripper with elevator',28),(4024,42,1153,'true',28),(4025,43,1153,'false',28),(4026,44,1153,'false',28),(4027,45,1153,'false',28),(4028,46,1153,'true',28),(4029,47,1153,'true',28),(4030,48,1153,'true',28),(4031,49,1153,'false',28),(4032,54,1153,'Maybe',28),(4033,55,1153,'Yes',28),(4034,50,1153,'No',28),(4035,51,1153,'',28),(4036,52,1153,'false',28),(4037,53,1153,'',28),(4038,56,1153,'true',28),(4039,57,1153,'',28),(4040,59,1153,'Unsure, unconfident',28),(4041,60,1153,'OK',28),(4042,39,1146,'3 wheel tank w its 2 Omani in back',28),(4043,40,1146,'Yes',28),(4044,41,1146,'Camera',28),(4045,63,1146,'Iris sensor, smart intake, 2 stage elevator  intake max height',28),(4046,42,1146,'true',28),(4047,43,1146,'true',28),(4048,44,1146,'true',28),(4049,45,1146,'false',28),(4050,46,1146,'true',28),(4051,47,1146,'true',28),(4052,48,1146,'true',28),(4053,49,1146,'false',28),(4054,54,1146,'No',28),(4055,55,1146,'Levitate, boost,',28),(4056,50,1146,'Yes',28),(4057,51,1146,'Back up with hook, others can attach on to bar',28),(4058,52,1146,'true',28),(4059,53,1146,'',28),(4060,56,1146,'false',28),(4061,57,1146,'Scale, coach talking, proritizing',28),(4062,59,1146,'',28),(4063,60,1146,'Good',28),(4064,39,1152,'Mech 2 wheels',28),(4065,40,1152,'Yes',28),(4066,41,1152,'Camera',28),(4067,63,1152,'Intake rollers with elevator, can pick up every where just not behind',28),(4068,42,1152,'true',28),(4069,43,1152,'true',28),(4070,44,1152,'false',28),(4071,45,1152,'false',28),(4072,46,1152,'true',28),(4073,47,1152,'true',28),(4074,48,1152,'true',28),(4075,49,1152,'false',28),(4076,54,1152,'No',28),(4077,55,1152,'Levitate, force , boost',28),(4078,50,1152,'Yes',28),(4079,51,1152,'Hook',28),(4080,52,1152,'false',28),(4081,53,1152,'',28),(4082,56,1152,'true',28),(4083,57,1152,'Very flexible',28),(4084,59,1152,'',28),(4085,60,1152,'Good',28),(4086,39,1144,'Mech 2 wherl',28),(4087,40,1144,'No',28),(4088,41,1144,'Camera',28),(4089,63,1144,'Intake rollers',28),(4090,42,1144,'true',28),(4091,43,1144,'false',28),(4092,44,1144,'false',28),(4093,45,1144,'false',28),(4094,46,1144,'true',28),(4095,47,1144,'false',28),(4096,48,1144,'true',28),(4097,49,1144,'false',28),(4098,54,1144,'No',28),(4099,55,1144,'Levitate',28),(4100,50,1144,'No',28),(4101,51,1144,'',28),(4102,52,1144,'true',28),(4103,53,1144,'Ramp for others to climb on',28),(4104,56,1144,'false',28),(4105,57,1144,'Fill vault, then switch',28),(4106,59,1144,'',28),(4107,60,1144,'OK',28),(4108,39,1147,'West coast 3 wheels',28),(4109,40,1147,'Yes',28),(4110,41,1147,'Camera',28),(4111,63,1147,'Intake rollers with piston, elevator',28),(4112,42,1147,'true',28),(4113,43,1147,'true',28),(4114,44,1147,'true',28),(4115,45,1147,'false',28),(4116,46,1147,'true',28),(4117,47,1147,'true',28),(4118,48,1147,'true',28),(4119,49,1147,'false',28),(4120,54,1147,'No',28),(4121,55,1147,'Levitate, own scale use boost, force if you don\'t own',28),(4122,50,1147,'Maybe',28),(4123,51,1147,'Hook with winch',28),(4124,52,1147,'false',28),(4125,53,1147,'',28),(4126,56,1147,'true',28),(4127,57,1147,'Scale, then vault, flexible',28),(4128,59,1147,'',28),(4129,60,1147,'Good',28),(4130,39,1151,'Tank with 4 Omani and 2 traction',28),(4131,40,1151,'Yes',28),(4132,41,1151,'Camera',28),(4133,63,1151,'Intake with elevator 4 stage',28),(4134,42,1151,'true',28),(4135,43,1151,'true',28),(4136,44,1151,'false',28),(4137,45,1151,'false',28),(4138,46,1151,'true',28),(4139,47,1151,'true',28),(4140,48,1151,'true',28),(4141,49,1151,'false',28),(4142,54,1151,'Yes',28),(4143,55,1151,'All cubes in with min to spare',28),(4144,50,1151,'No',28),(4145,51,1151,'In progress',28),(4146,52,1151,'false',28),(4147,53,1151,'',28),(4148,56,1151,'true',28),(4149,57,1151,'Exchange then switch flexible',28),(4150,59,1151,'',28),(4151,60,1151,'Good',28),(4152,39,1148,'Custom swerve drive',28),(4153,40,1148,'Yes',28),(4154,41,1148,'Camera',28),(4155,63,1148,'Intake rollers, spits out for switch and scale',28),(4156,42,1148,'true',28),(4157,43,1148,'true',28),(4158,44,1148,'false',28),(4159,45,1148,'false',28),(4160,46,1148,'true',28),(4161,47,1148,'true',28),(4162,48,1148,'true',28),(4163,49,1148,'false',28),(4164,54,1148,'Maybe',28),(4165,55,1148,'Levitate, boost, force',28),(4166,50,1148,'Yes',28),(4167,51,1148,'Wich with hook that releases, can back up so someone else can attach',28),(4168,52,1148,'false',28),(4169,53,1148,'',28),(4170,56,1148,'true',28),(4171,57,1148,'Control both switch',28),(4172,59,1148,'Prefer right',28),(4173,60,1148,'Good',28),(4174,39,1150,'Drop base 3 wheel',28),(4175,40,1150,'Yes',28),(4176,41,1150,'Camera',28),(4177,63,1150,'Pneumatic for gripping, springs for elevator',28),(4178,42,1150,'true',28),(4179,43,1150,'true',28),(4180,44,1150,'true',28),(4181,45,1150,'false',28),(4182,46,1150,'true',28),(4183,47,1150,'true',28),(4184,48,1150,'true',28),(4185,49,1150,'false',28),(4186,54,1150,'No',28),(4187,55,1150,'Levitate',28),(4188,50,1150,'Yes',28),(4189,51,1150,'Hook, 1 sec climb',28),(4190,52,1150,'false',28),(4191,53,1150,'',28),(4192,56,1150,'true',28),(4193,57,1150,'Switch, flexible',28),(4194,59,1150,'Auto right side scale',28),(4195,60,1150,'Good',28),(4196,39,1149,'4 sim',28),(4197,40,1149,'Yes',28),(4198,41,1149,'Camera',28),(4199,63,1149,'Intake with elevator',28),(4200,42,1149,'true',28),(4201,43,1149,'false',28),(4202,44,1149,'false',28),(4203,45,1149,'false',28),(4204,46,1149,'true',28),(4205,47,1149,'true',28),(4206,48,1149,'true',28),(4207,49,1149,'false',28),(4208,54,1149,'No',28),(4209,55,1149,'Levitate',28),(4210,50,1149,'Maybe',28),(4211,51,1149,'Not efficent',28),(4212,52,1149,'false',28),(4213,53,1149,'',28),(4214,56,1149,'true',28),(4215,57,1149,'Scale, flexible',28),(4216,59,1149,'',28),(4217,60,1149,'OK',28),(4218,39,1121,'Tank 3 wheel',28),(4219,40,1121,'No',28),(4220,41,1121,'Camera',28),(4221,63,1121,'Intake rollers elevator',28),(4222,42,1121,'true',28),(4223,43,1121,'false',28),(4224,44,1121,'false',28),(4225,45,1121,'false',28),(4226,46,1121,'true',28),(4227,47,1121,'true',28),(4228,48,1121,'true',28),(4229,49,1121,'false',28),(4230,54,1121,'No',28),(4231,55,1121,'Levitate',28),(4232,50,1121,'No',28),(4233,51,1121,'',28),(4234,52,1121,'true',28),(4235,53,1121,'Drop down sides 2 sec',28),(4236,56,1121,'true',28),(4237,57,1121,'Scale',28),(4238,59,1121,'',28),(4239,60,1121,'Good',28),(4240,39,1177,'3 wheel tank',28),(4241,40,1177,'Yes',28),(4242,41,1177,'Camera',28),(4243,63,1177,'Gripper elevator',28),(4244,42,1177,'false',28),(4245,43,1177,'false',28),(4246,44,1177,'false',28),(4247,45,1177,'false',28),(4248,46,1177,'true',28),(4249,47,1177,'true',28),(4250,48,1177,'true',28),(4251,49,1177,'false',28),(4252,54,1177,'Yes',28),(4253,55,1177,'Levitate, depends',28),(4254,50,1177,'No',28),(4255,51,1177,'',28),(4256,52,1177,'false',28),(4257,53,1177,'',28),(4258,56,1177,'true',28),(4259,57,1177,'',28),(4260,59,1177,'',28),(4261,60,1177,'Good',28),(4262,39,1120,'8 wheel tank',28),(4263,40,1120,'Yes',28),(4264,41,1120,'Camera',28),(4265,63,1120,'Intake rollers elevator',28),(4266,42,1120,'true',28),(4267,43,1120,'true',28),(4268,44,1120,'true',28),(4269,45,1120,'false',28),(4270,46,1120,'true',28),(4271,47,1120,'true',28),(4272,48,1120,'true',28),(4273,49,1120,'false',28),(4274,54,1120,'No',28),(4275,55,1120,'Levitate, boost, force',28),(4276,50,1120,'Yes',28),(4277,51,1120,'Hook',28),(4278,52,1120,'false',28),(4279,53,1120,'',28),(4280,56,1120,'true',28),(4281,57,1120,'Scale',28),(4282,59,1120,'',28),(4283,60,1120,'OK',28),(4284,39,1179,'3 wheel tank',28),(4285,40,1179,'Yes',28),(4286,41,1179,'Camera',28),(4287,63,1179,'Intake rollers and elevator, just switch',28),(4288,42,1179,'true',28),(4289,43,1179,'false',28),(4290,44,1179,'false',28),(4291,45,1179,'false',28),(4292,46,1179,'true',28),(4293,47,1179,'false',28),(4294,48,1179,'true',28),(4295,49,1179,'false',28),(4296,54,1179,'No',28),(4297,55,1179,'Levitate',28),(4298,50,1179,'No',28),(4299,51,1179,'',28),(4300,52,1179,'false',28),(4301,53,1179,'',28),(4302,56,1179,'true',28),(4303,57,1179,'Cubes in vault then switch',28),(4304,59,1179,'',28),(4305,60,1179,'Good',28),(4306,39,1119,'Mech 4 wheels',28),(4307,40,1119,'Yes',28),(4308,41,1119,'Camera',28),(4309,63,1119,'Intake rollers, elevator, with springs like ours',28),(4310,42,1119,'true',28),(4311,43,1119,'true',28),(4312,44,1119,'false',28),(4313,45,1119,'false',28),(4314,46,1119,'true',28),(4315,47,1119,'true',28),(4316,48,1119,'true',28),(4317,49,1119,'false',28),(4318,54,1119,'No',28),(4319,55,1119,'Levitate, others situational, boost then force',28),(4320,50,1119,'No',28),(4321,51,1119,'',28),(4322,52,1119,'true',28),(4323,53,1119,'14 in lift 150lb, each drop down 2',28),(4324,56,1119,'true',28),(4325,57,1119,'Scale, switch, levitate and lift',28),(4326,59,1119,'Scale auto unsure',28),(4327,60,1119,'Good',28),(4328,39,1124,'Tank',28),(4329,40,1124,'Yes',28),(4330,41,1124,'Camera',28),(4331,63,1124,'Intake rollers (8 wheels) elevator',28),(4332,42,1124,'true',28),(4333,43,1124,'true',28),(4334,44,1124,'true',28),(4335,45,1124,'false',28),(4336,46,1124,'true',28),(4337,47,1124,'true',28),(4338,48,1124,'true',28),(4339,49,1124,'false',28),(4340,54,1124,'No',28),(4341,55,1124,'Levitate',28),(4342,50,1124,'No',28),(4343,51,1124,'',28),(4344,52,1124,'false',28),(4345,53,1124,'',28),(4346,56,1124,'true',28),(4347,57,1124,'Scale',28),(4348,59,1124,'Brazilian won chairmanship and New York regional',28),(4349,60,1124,'Good',28),(4350,39,1175,'Arcade,',28),(4351,40,1175,'No',28),(4352,41,1175,'Camera',28),(4353,63,1175,'Intake rollers',28),(4354,42,1175,'true',28),(4355,43,1175,'false',28),(4356,44,1175,'false',28),(4357,45,1175,'false',28),(4358,46,1175,'true',28),(4359,47,1175,'false',28),(4360,48,1175,'true',28),(4361,49,1175,'false',28),(4362,54,1175,'Yes',28),(4363,55,1175,'Boost',28),(4364,50,1175,'Yes',28),(4365,51,1175,'Lift hook',28),(4366,52,1175,'false',28),(4367,53,1175,'',28),(4368,56,1175,'true',28),(4369,57,1175,'Switch exchange',28),(4370,59,1175,'',28),(4371,60,1175,'Good',28),(4372,39,1123,'Tank 6 wheels',28),(4373,40,1123,'Yes',28),(4374,41,1123,'Off-Board Vision Processing',28),(4375,63,1123,'Nev ex gyro, encorders\nLike a big chainsaw',28),(4376,42,1123,'true',28),(4377,43,1123,'true',28),(4378,44,1123,'true',28),(4379,45,1123,'false',28),(4380,46,1123,'true',28),(4381,47,1123,'true',28),(4382,48,1123,'true',28),(4383,49,1123,'false',28),(4384,54,1123,'No',28),(4385,55,1123,'Levitate, boost, force',28),(4386,50,1123,'Yes',28),(4387,51,1123,'On the side, hook',28),(4388,52,1123,'false',28),(4389,53,1123,'',28),(4390,56,1123,'true',28),(4391,57,1123,'Hold 2 of 3 items in game then powerup',28),(4392,59,1123,'Prefer middle for auto switch 10 percent auti',28),(4393,60,1123,'Good',28),(4394,39,1176,'6 tank',28),(4395,40,1176,'No',28),(4396,41,1176,'Camera',28),(4397,63,1176,'Arm',28),(4398,42,1176,'true',28),(4399,43,1176,'false',28),(4400,44,1176,'false',28),(4401,45,1176,'false',28),(4402,46,1176,'true',28),(4403,47,1176,'false',28),(4404,48,1176,'true',28),(4405,49,1176,'true',28),(4406,54,1176,'Yes',28),(4407,55,1176,'Levitate',28),(4408,50,1176,'No',28),(4409,51,1176,'',28),(4410,52,1176,'false',28),(4411,53,1176,'',28),(4412,56,1176,'true',28),(4413,57,1176,'Switch and vault',28),(4414,59,1176,'',28),(4415,60,1176,'Good',28),(4416,39,1122,'West coast 6 wheels',28),(4417,40,1122,'Yes',28),(4418,41,1122,'Camera',28),(4419,63,1122,'Intake rollers elevator',28),(4420,42,1122,'true',28),(4421,43,1122,'false',28),(4422,44,1122,'false',28),(4423,45,1122,'false',28),(4424,46,1122,'true',28),(4425,47,1122,'true',28),(4426,48,1122,'true',28),(4427,49,1122,'false',28),(4428,54,1122,'No',28),(4429,55,1122,'Levitate, boost, force',28),(4430,50,1122,'Yes',28),(4431,51,1122,'Hooks on elevator, last regional only fell once',28),(4432,52,1122,'false',28),(4433,53,1122,'',28),(4434,56,1122,'true',28),(4435,57,1122,'Control scale then climb',28),(4436,59,1122,'Working on auto cube in switch',28),(4437,60,1122,'Good',28),(4438,39,1178,'Tank 3 wheel',28),(4439,40,1178,'No',28),(4440,41,1178,'Camera',28),(4441,63,1178,'',28),(4442,42,1178,'true',28),(4443,43,1178,'false',28),(4444,44,1178,'false',28),(4445,45,1178,'false',28),(4446,46,1178,'true',28),(4447,47,1178,'false',28),(4448,48,1178,'true',28),(4449,49,1178,'false',28),(4450,54,1178,'Maybe',28),(4451,55,1178,'Levitate',28),(4452,50,1178,'No',28),(4453,51,1178,'',28),(4454,52,1178,'false',28),(4455,53,1178,'',28),(4456,56,1178,'true',28),(4457,57,1178,'Ability to communicate, fill in gaps in alliances',28),(4458,59,1178,'',28),(4459,60,1178,'Good',28),(4460,39,1128,'Swerves',28),(4461,40,1128,'Yes',28),(4462,41,1128,'Camera',28),(4463,63,1128,'Gripper arms and elevator',28),(4464,42,1128,'true',28),(4465,43,1128,'true',28),(4466,44,1128,'true',28),(4467,45,1128,'false',28),(4468,46,1128,'true',28),(4469,47,1128,'true',28),(4470,48,1128,'false',28),(4471,49,1128,'false',28),(4472,54,1128,'Maybe',28),(4473,55,1128,'Levitate, depends on match',28),(4474,50,1128,'Yes',28),(4475,51,1128,'Side bar, hook',28),(4476,52,1128,'false',28),(4477,53,1128,'',28),(4478,56,1128,'true',28),(4479,57,1128,'Scale, effiecent',28),(4480,59,1128,'Exchange not effiecent',28),(4481,60,1128,'Good',28),(4482,39,1127,'Mech 4 wheels',28),(4483,40,1127,'No',28),(4484,41,1127,'Camera',28),(4485,63,1127,'Intake rollers and elevator',28),(4486,42,1127,'true',28),(4487,43,1127,'false',28),(4488,44,1127,'false',28),(4489,45,1127,'false',28),(4490,46,1127,'true',28),(4491,47,1127,'true',28),(4492,48,1127,'true',28),(4493,49,1127,'false',28),(4494,54,1127,'No',28),(4495,55,1127,'Levitate, force, boost',28),(4496,50,1127,'Yes',28),(4497,51,1127,'How ok and winch',28),(4498,52,1127,'true',28),(4499,53,1127,'Climb on sides of their robot',28),(4500,56,1127,'true',28),(4501,57,1127,'Elevator doesn\'t work, do vault',28),(4502,59,1127,'',28),(4503,60,1127,'Good',28),(4504,39,1172,'Tank 6 wheel',28),(4505,40,1172,'Yes',28),(4506,41,1172,'Camera',28),(4507,63,1172,'Intake rollers with elevator',28),(4508,42,1172,'true',28),(4509,43,1172,'false',28),(4510,44,1172,'false',28),(4511,45,1172,'false',28),(4512,46,1172,'true',28),(4513,47,1172,'true',28),(4514,48,1172,'true',28),(4515,49,1172,'false',28),(4516,54,1172,'No',28),(4517,55,1172,'Levitate, depends',28),(4518,50,1172,'Yes',28),(4519,51,1172,'Uses at,s to lift',28),(4520,52,1172,'false',28),(4521,53,1172,'',28),(4522,56,1172,'true',28),(4523,57,1172,'Depends',28),(4524,59,1172,'Auto switch and scale in progress',28),(4525,60,1172,'',28),(4526,39,1173,'Arcade 6 wheels',28),(4527,40,1173,'Yes',28),(4528,41,1173,'Camera',28),(4529,63,1173,'Arm, lamp but no elevator',28),(4530,42,1173,'true',28),(4531,43,1173,'false',28),(4532,44,1173,'false',28),(4533,45,1173,'false',28),(4534,46,1173,'true',28),(4535,47,1173,'true',28),(4536,48,1173,'true',28),(4537,49,1173,'false',28),(4538,54,1173,'No',28),(4539,55,1173,'Levitate',28),(4540,50,1173,'Yes',28),(4541,51,1173,'Arm will flip with winch',28),(4542,52,1173,'true',28),(4543,53,1173,'If team has hook, at least 160lb',28),(4544,56,1173,'true',28),(4545,57,1173,'Flexible',28),(4546,59,1173,'Switch auto in progress',28),(4547,60,1173,'Good',28),(4548,39,1125,'8 wheel west coast, fast',28),(4549,40,1125,'Yes',28),(4550,41,1125,'Off-Board Vision Processing',28),(4551,63,1125,'Track cubes in vision, ultrasonic to se if cubes are in\nIntake rollers, elevator',28),(4552,42,1125,'true',28),(4553,43,1125,'true',28),(4554,44,1125,'true',28),(4555,45,1125,'false',28),(4556,46,1125,'true',28),(4557,47,1125,'true',28),(4558,48,1125,'true',28),(4559,49,1125,'false',28),(4560,54,1125,'Maybe',28),(4561,55,1125,'Levitate',28),(4562,50,1125,'Maybe',28),(4563,51,1125,'Have, it but don\'t want you o use',28),(4564,52,1125,'false',28),(4565,53,1125,'',28),(4566,56,1125,'false',28),(4567,57,1125,'Scale, see how match plays out',28),(4568,59,1125,'Look up week 2 regional',28),(4569,60,1125,'Good',28),(4570,39,1167,'Tank 3 wheel',28),(4571,40,1167,'No',28),(4572,41,1167,'Camera',28),(4573,63,1167,'Intake rollers elevator',28),(4574,42,1167,'true',28),(4575,43,1167,'false',28),(4576,44,1167,'false',28),(4577,45,1167,'false',28),(4578,46,1167,'true',28),(4579,47,1167,'true',28),(4580,48,1167,'true',28),(4581,49,1167,'false',28),(4582,54,1167,'Maybe',28),(4583,55,1167,'Levitate, boost, force',28),(4584,50,1167,'Yes',28),(4585,51,1167,'Hook, grappling hook',28),(4586,52,1167,'false',28),(4587,53,1167,'',28),(4588,56,1167,'true',28),(4589,57,1167,'Flexible',28),(4590,59,1167,'Auto maybe scale in progress, maybe assist climb',28),(4591,60,1167,'Good',28),(4592,39,1168,'Mech 4 huge 8in',28),(4593,40,1168,'Yes',28),(4594,41,1168,'Camera',28),(4595,63,1168,'Intake rollers, with arm that lifts no elevator',28),(4596,42,1168,'true',28),(4597,43,1168,'true',28),(4598,44,1168,'false',28),(4599,45,1168,'false',28),(4600,46,1168,'true',28),(4601,47,1168,'true',28),(4602,48,1168,'true',28),(4603,49,1168,'false',28),(4604,54,1168,'Maybe',28),(4605,55,1168,'Put all cubes in vault, in 1 min',28),(4606,50,1168,'Yes',28),(4607,51,1168,'Hook, check valve',28),(4608,52,1168,'false',28),(4609,53,1168,'',28),(4610,56,1168,'false',28),(4611,57,1168,'Exchange and vault',28),(4612,59,1168,'Working on scale and like center in auto 100% accurate',28),(4613,60,1168,'Good',28),(4614,39,1130,'Swerve for tank, ommni in back hard in front fast turns',28),(4615,40,1130,'Yes',28),(4616,41,1130,'Camera',28),(4617,63,1130,'Also have encorders\" \nPneumatic clamp with elevator',28),(4618,42,1130,'true',28),(4619,43,1130,'true',28),(4620,44,1130,'false',28),(4621,45,1130,'false',28),(4622,46,1130,'true',28),(4623,47,1130,'false',28),(4624,48,1130,'true',28),(4625,49,1130,'false',28),(4626,54,1130,'Maybe',28),(4627,55,1130,'Levitate',28),(4628,50,1130,'No',28),(4629,51,1130,'',28),(4630,52,1130,'true',28),(4631,53,1130,'Aluminum support, lift 2 robits',28),(4632,56,1130,'true',28),(4633,57,1130,'Exchange then switch',28),(4634,59,1130,'',28),(4635,60,1130,'Good',28),(4636,39,1169,'Tank 3 wheel',28),(4637,40,1169,'No',28),(4638,41,1169,'Camera',28),(4639,63,1169,'Intake rollers elevator',28),(4640,42,1169,'true',28),(4641,43,1169,'false',28),(4642,44,1169,'false',28),(4643,45,1169,'false',28),(4644,46,1169,'true',28),(4645,47,1169,'true',28),(4646,48,1169,'false',28),(4647,49,1169,'false',28),(4648,54,1169,'No',28),(4649,55,1169,'No vault',28),(4650,50,1169,'No',28),(4651,51,1169,'',28),(4652,52,1169,'false',28),(4653,53,1169,'',28),(4654,56,1169,'true',28),(4655,57,1169,'Scale',28),(4656,59,1169,'Left auto only',28),(4657,60,1169,'OK',28),(4658,39,1129,'6 wheel west coast',28),(4659,40,1129,'Yes',28),(4660,41,1129,'Camera',28),(4661,63,1129,'Cascade lifet, elevator, intake rollers',28),(4662,42,1129,'true',28),(4663,43,1129,'true',28),(4664,44,1129,'true',28),(4665,45,1129,'false',28),(4666,46,1129,'true',28),(4667,47,1129,'true',28),(4668,48,1129,'true',28),(4669,49,1129,'false',28),(4670,54,1129,'No',28),(4671,55,1129,'Levitate',28),(4672,50,1129,'Yes',28),(4673,51,1129,'Hooks on elevator, can climb on side',28),(4674,52,1129,'false',28),(4675,53,1129,'',28),(4676,56,1129,'true',28),(4677,57,1129,'Fill scale, proritize',28),(4678,59,1129,'',28),(4679,60,1129,'Good',28),(4680,39,1170,'6 wheel tank',8),(4681,40,1170,'No',8),(4682,41,1170,'Camera',8),(4683,63,1170,'Drop from portal and it flips into switch',8),(4684,42,1170,'true',8),(4685,43,1170,'false',8),(4686,44,1170,'false',8),(4687,45,1170,'false',8),(4688,46,1170,'true',8),(4689,47,1170,'false',8),(4690,48,1170,'false',8),(4691,49,1170,'true',8),(4692,54,1170,'No',8),(4693,55,1170,'Boost',8),(4694,50,1170,'Yes',8),(4695,51,1170,'Scissor hook lift',8),(4696,52,1170,'false',8),(4697,53,1170,'',8),(4698,56,1170,'true',8),(4699,57,1170,'As many cubes as can',8),(4700,59,1170,'',8),(4701,60,1170,'Good',8),(4704,39,1165,'Tank 3 wheel',28),(4705,40,1165,'Yes',28),(4706,41,1165,'Camera',28),(4707,63,1165,'Gripper, elbator',28),(4708,42,1165,'true',28),(4709,43,1165,'false',28),(4710,44,1165,'false',28),(4711,45,1165,'false',28),(4712,46,1165,'true',28),(4713,47,1165,'true',28),(4714,48,1165,'true',28),(4715,49,1165,'false',28),(4716,54,1165,'Maybe',28),(4717,55,1165,'Levitate',28),(4718,50,1165,'No',28),(4719,51,1165,'',28),(4720,52,1165,'false',28),(4721,53,1165,'',28),(4722,56,1165,'true',28),(4723,57,1165,'Cubes in scale',28),(4724,59,1165,'Took forever to talk to them. Many didn\'t know what was happening',28),(4725,60,1165,'OK',28),(4726,39,1126,'West coast drive. 6 wheel',28),(4727,40,1126,'Yes',28),(4728,41,1126,'Camera',28),(4729,63,1126,'Pneumatic gripper, elevator',28),(4730,42,1126,'true',28),(4731,43,1126,'true',28),(4732,44,1126,'true',28),(4733,45,1126,'false',28),(4734,46,1126,'true',28),(4735,47,1126,'true',28),(4736,48,1126,'true',28),(4737,49,1126,'false',28),(4738,54,1126,'Maybe',28),(4739,55,1126,'Levitate, depends',28),(4740,50,1126,'No',28),(4741,51,1126,'',28),(4742,52,1126,'false',28),(4743,53,1126,'',28),(4744,56,1126,'true',28),(4745,57,1126,'Flexibility, efficient.',28),(4746,59,1126,'Scale in progress auto\nWon other regional',28),(4747,60,1126,'Good',28),(4752,39,1133,'Tank 3 wheel with 1 mech in front',28),(4753,40,1133,'No',28),(4754,41,1133,'Camera',28),(4755,63,1133,'Picture',28),(4756,42,1133,'false',28),(4757,43,1133,'false',28),(4758,44,1133,'false',28),(4759,45,1133,'false',28),(4760,46,1133,'true',28),(4761,47,1133,'true',28),(4762,48,1133,'true',28),(4763,49,1133,'false',28),(4764,54,1133,'Maybe',28),(4765,55,1133,'',28),(4766,50,1133,'Maybe',28),(4767,51,1133,'',28),(4768,52,1133,'false',28),(4769,53,1133,'',28),(4770,56,1133,'true',28),(4771,57,1133,'',28),(4772,59,1133,'Weren\'t there, complicated, picture of robot',28),(4773,60,1133,'',28),(4774,39,1155,'3 wheel tank',28),(4775,40,1155,'No',28),(4776,41,1155,'None',28),(4777,63,1155,'Claw no elevator',28),(4778,42,1155,'true',28),(4779,43,1155,'false',28),(4780,44,1155,'false',28),(4781,45,1155,'false',28),(4782,46,1155,'true',28),(4783,47,1155,'true',28),(4784,48,1155,'true',28),(4785,49,1155,'false',28),(4786,54,1155,'No',28),(4787,55,1155,'Levitate, boost depends',28),(4788,50,1155,'Yes',28),(4789,51,1155,'Hook with winch',28),(4790,52,1155,'false',28),(4791,53,1155,'',28),(4792,56,1155,'true',28),(4793,57,1155,'Cubes on scale',28),(4794,59,1155,'',28),(4795,60,1155,'Good',28);
/*!40000 ALTER TABLE `response` ENABLE KEYS */;
UNLOCK TABLES;

--
-- Table structure for table `response_value`
--

DROP TABLE IF EXISTS `response_value`;
/*!40101 SET @saved_cs_client     = @@character_set_client */;
/*!40101 SET character_set_client = utf8 */;
CREATE TABLE `response_value` (
  `id` int(11) NOT NULL AUTO_INCREMENT,
  `question_type_id` int(11) NOT NULL,
  `value` varchar(45) NOT NULL,
  PRIMARY KEY (`id`),
  KEY `fk_ResponseType_QuestionType1_idx` (`question_type_id`),
  CONSTRAINT `fk_ResponseType_QuestionType1` FOREIGN KEY (`question_type_id`) REFERENCES `question_type` (`id`) ON DELETE NO ACTION ON UPDATE NO ACTION
) ENGINE=InnoDB AUTO_INCREMENT=24 DEFAULT CHARSET=utf8;
/*!40101 SET character_set_client = @saved_cs_client */;

--
-- Dumping data for table `response_value`
--

LOCK TABLES `response_value` WRITE;
/*!40000 ALTER TABLE `response_value` DISABLE KEYS */;
INSERT INTO `response_value` VALUES (1,1,'true'),(2,1,'false'),(3,3,'1'),(4,3,'2'),(5,3,'3'),(6,4,'Win'),(7,4,'Loss'),(8,4,'Tie'),(9,6,'Solo'),(10,6,'Assisted Others'),(11,6,'Received Assistance'),(13,3,'0'),(14,7,'Yes'),(15,7,'No'),(16,7,'Maybe'),(17,8,'None'),(18,8,'Camera'),(19,8,'Off-Board Vision Processing'),(20,9,'Good'),(21,9,'Bad'),(22,9,'OK'),(23,6,'Did not climb');
/*!40000 ALTER TABLE `response_value` ENABLE KEYS */;
UNLOCK TABLES;

--
-- Table structure for table `student`
--

DROP TABLE IF EXISTS `student`;
/*!40101 SET @saved_cs_client     = @@character_set_client */;
/*!40101 SET character_set_client = utf8 */;
CREATE TABLE `student` (
  `id` int(11) NOT NULL AUTO_INCREMENT,
  `first_name` varchar(45) NOT NULL,
  `last_name` varchar(45) NOT NULL,
  `active` tinyint(4) NOT NULL DEFAULT '1',
  PRIMARY KEY (`id`),
  UNIQUE KEY `student_uk1` (`first_name`,`last_name`)
) ENGINE=InnoDB AUTO_INCREMENT=40 DEFAULT CHARSET=utf8;
/*!40101 SET character_set_client = @saved_cs_client */;

--
-- Dumping data for table `student`
--

LOCK TABLES `student` WRITE;
/*!40000 ALTER TABLE `student` DISABLE KEYS */;
INSERT INTO `student` VALUES (3,'Aaron','Keyes',1),(4,'Ahmed-Rashid','Shire',0),(5,'Alex','Goodland',0),(6,'Ana','Soudaly',0),(7,'Andrew','Hollar',1),(8,'Brynn','DeVaan',1),(9,'Anna','Teurman',1),(10,'Cassidey','Shafer',0),(11,'Charlie','Boesen',0),(12,'Charlie','Ruff',0),(13,'Duncan','Murphy',0),(14,'Ed','Shipp',0),(15,'Eli','Knaus',1),(16,'Ernest','Pridgeon',0),(17,'Evan','Oreschnick',0),(18,'Grant','Ober',0),(19,'Jack','Lonn',0),(20,'Jameson','Cochrane',0),(21,'Jack','Boesen',0),(22,'Kyle','Kennedy',0),(23,'Lars','Haugen',0),(24,'Max','Labrie',0),(25,'Megan','Irwin',0),(26,'Nils','Nordstrom',1),(27,'Noah','Hoska',0),(28,'Olivia','Donney',1),(29,'Owen','Cody',0),(30,'Rodrigo','Sanchez',0),(31,'Rudy','Donish',0),(32,'Sam','Crowley',0),(33,'Sam','Rysdon',0),(34,'Sergei','Miller',0),(35,'Sofia','Garcia',1),(36,'Sully','Leier',0),(37,'Svetlana','Greipel',0),(38,'Thomas','Schroeder',1),(39,'Victor','LaBrie',0);
/*!40000 ALTER TABLE `student` ENABLE KEYS */;
UNLOCK TABLES;

--
-- Table structure for table `survey`
--

DROP TABLE IF EXISTS `survey`;
/*!40101 SET @saved_cs_client     = @@character_set_client */;
/*!40101 SET character_set_client = utf8 */;
CREATE TABLE `survey` (
  `id` int(11) NOT NULL,
  `name` varchar(45) NOT NULL,
  `default` tinyint(4) NOT NULL DEFAULT '0',
  PRIMARY KEY (`id`)
) ENGINE=InnoDB DEFAULT CHARSET=utf8;
/*!40101 SET character_set_client = @saved_cs_client */;

--
-- Dumping data for table `survey`
--

LOCK TABLES `survey` WRITE;
/*!40000 ALTER TABLE `survey` DISABLE KEYS */;
INSERT INTO `survey` VALUES (1,'Match Scouting',1),(2,'Pit Scouting',0);
/*!40000 ALTER TABLE `survey` ENABLE KEYS */;
UNLOCK TABLES;

--
-- Table structure for table `survey_section`
--

DROP TABLE IF EXISTS `survey_section`;
/*!40101 SET @saved_cs_client     = @@character_set_client */;
/*!40101 SET character_set_client = utf8 */;
CREATE TABLE `survey_section` (
  `id` int(11) NOT NULL AUTO_INCREMENT,
  `survey_id` int(11) NOT NULL,
  `name` varchar(100) NOT NULL,
  `sequence` int(11) NOT NULL,
  PRIMARY KEY (`id`),
  KEY `fk_Survey_has_Question_Survey1_idx` (`survey_id`),
  CONSTRAINT `fk_Survey_has_Question_Survey1` FOREIGN KEY (`survey_id`) REFERENCES `survey` (`id`) ON DELETE NO ACTION ON UPDATE NO ACTION
) ENGINE=InnoDB AUTO_INCREMENT=12 DEFAULT CHARSET=utf8;
/*!40101 SET character_set_client = @saved_cs_client */;

--
-- Dumping data for table `survey_section`
--

LOCK TABLES `survey_section` WRITE;
/*!40000 ALTER TABLE `survey_section` DISABLE KEYS */;
INSERT INTO `survey_section` VALUES (1,1,'Autonomus',1),(2,1,'Teleop',2),(3,1,'End Game Climb',3),(4,1,'Vault',4),(5,1,'Other',5),(6,1,'Bad Outcomes',6),(7,2,'Mechanical',1),(8,2,'Auto',2),(9,2,'Climb',4),(10,2,'Other',5),(11,2,'Teleop',3);
/*!40000 ALTER TABLE `survey_section` ENABLE KEYS */;
UNLOCK TABLES;

--
-- Table structure for table `team`
--

DROP TABLE IF EXISTS `team`;
/*!40101 SET @saved_cs_client     = @@character_set_client */;
/*!40101 SET character_set_client = utf8 */;
CREATE TABLE `team` (
  `id` int(11) NOT NULL,
  `name` varchar(100) NOT NULL,
  `school` varchar(100) DEFAULT NULL,
  `city` varchar(100) NOT NULL,
  `state` varchar(100) NOT NULL,
  `country` varchar(100) NOT NULL,
  PRIMARY KEY (`id`)
) ENGINE=InnoDB DEFAULT CHARSET=utf8;
/*!40101 SET character_set_client = @saved_cs_client */;

--
-- Dumping data for table `team`
--

LOCK TABLES `team` WRITE;
/*!40000 ALTER TABLE `team` DISABLE KEYS */;
INSERT INTO `team` VALUES (93,'NEW Apple Corps',NULL,'Appleton','Wisconsin','USA'),(167,'Children of the Corn',NULL,'Iowa City','Iowa','USA'),(171,'Cheese Curd Herd',NULL,'Platteville','Wisconsin','USA'),(525,'Swartdogs',NULL,'Cedar Falls','Iowa','USA'),(706,'Cyberhawks','Arrow Head High School','Hartland','Wisconsin','USA'),(876,'Thunder Robotics',NULL,'Northwood','North Dakota','USA'),(931,'Perpetual Chaos',NULL,'Saint Louis','Missouri','USA'),(967,'Iron Lions',NULL,'Marion','Iowa','USA'),(1094,'Channel Cats',NULL,'O Fallon','Missouri','USA'),(1156,'Under Control',NULL,'Novo Hamburgo','Rio Grande do Sul','Brazil'),(1259,'Paradigm Shift',NULL,'Pewaukee','Wisconsin','USA'),(1625,'Winnovation',NULL,'Winnebago','Illinois','USA'),(1710,'The Ravonics Revolution',NULL,'Olathe','Kansas','USA'),(1714,'MORE Robotics',NULL,'Milwaukee','Wisconsin','USA'),(1816,'\"The Green Machine\"',NULL,'Edina','Minnesota','USA'),(1982,'Cougar Robotics',NULL,'Shawnee','Kansas','USA'),(1985,'Robohawks',NULL,'Florissant','Missouri','USA'),(2052,'Knight Krawler','Mounds View Public School','Mounds View','Minnesota','USA'),(2129,'Ultraviolet',NULL,'Minneapolis','Minnesota','USA'),(2175,'The Fighting Calculators',NULL,'Saint Paul','Minnesota','USA'),(2177,'The Robettes',NULL,'Mendota Heights','Minnesota','USA'),(2181,'G.E.A.R.s (Great Engineers Awesome Robots)',NULL,'Blaine','Minnesota','USA'),(2202,'BEAST Robotics',NULL,'Brookfield','Wisconsin','USA'),(2207,'Bright Bears',NULL,'White Bear Lake','Minnesota','USA'),(2225,'R.U.S.T',NULL,'Brooklyn Park','Minnesota','USA'),(2227,'Tigers',NULL,'Fridley','Minnesota','USA'),(2264,'Wayzata Robotics',NULL,'Plymouth','Minnesota','USA'),(2410,'Blue Valley CAPS Metal Mustang Robotics',NULL,'Overland Park','Kansas','USA'),(2450,'Raiderbots',NULL,'St. Paul','Minnesota','USA'),(2451,'PWNAGE',NULL,'Saint Charles','Illinois','USA'),(2472,'Centurions',NULL,'Circle Pines','Minnesota','USA'),(2491,'NoMythic',NULL,'Saint Paul','Minnesota','USA'),(2499,'Industrial Revolution',NULL,'Hibbing','Minnesota','USA'),(2501,'Bionic Polars',NULL,'North St. Paul','Minnesota','USA'),(2502,'Talon Robotics',NULL,'Eden Prairie','Minnesota','USA'),(2503,'Warrior Robotics',NULL,'Brainerd','Minnesota','USA'),(2509,'Tigerbots',NULL,'Hutchinson','Minnesota','USA'),(2511,'Cougars',NULL,'Lakeville','Minnesota','USA'),(2512,'Duluth East Daredevils',NULL,'Duluth','Minnesota','USA'),(2525,'The pHalcons',NULL,'Minneapolis','Minnesota','USA'),(2526,'Crimson Robotics',NULL,'Osseo','Minnesota','USA'),(2530,'Inconceivable',NULL,'Rochester','Minnesota','USA'),(2531,'RoboHawks',NULL,'Chaska','Minnesota','USA'),(2538,'The Plaid Pillagers',NULL,'Morris','Minnesota','USA'),(2549,'Millerbots','Washburn High School','Minneapolis','Minnesota','USA'),(2574,'RoboHuskie',NULL,'St. Anthony','Minnesota','USA'),(2606,'Irish Robotics',NULL,'Rosemount','Minnesota','USA'),(2654,'Rams',NULL,'Roseau','Minnesota','USA'),(2667,'Knights of the Valley',NULL,'Apple Valley','Minnesota','USA'),(2846,'FireBears',NULL,'Saint Paul','Minnesota','USA'),(2855,'BEASTBOT',NULL,'Saint Paul','Minnesota','USA'),(2861,'Infinity\'s End',NULL,'Lake City','Minnesota','USA'),(2874,'Iron Eagles',NULL,'Grain Valley','Missouri','USA'),(2883,'F.R.E.D (Fighting Rednecks Engineering and Design)',NULL,'Warroad','Minnesota','USA'),(2957,'Knights',NULL,'Alden','Minnesota','USA'),(2977,'Sir Lancer Bots',NULL,'La Crescent','Minnesota','USA'),(2987,'Rogue Robotics',NULL,'Farmington','Minnesota','USA'),(2989,'Star Tech',NULL,'Richfield','Minnesota','USA'),(3026,'Orange Crush Robotics',NULL,'Delano','Minnesota','USA'),(3036,'DROBA Warriors',NULL,'Deer River','Minnesota','USA'),(3042,'Cobalt Catalysts',NULL,'Apple Valley','Minnesota','USA'),(3054,'IceStorm',NULL,'Grand Marais','Minnesota','USA'),(3055,'Furious George',NULL,'Austin','Minnesota','USA'),(3058,'AnnDroids',NULL,'Annandale','Minnesota','USA'),(3082,'Chicken Bot Pie',NULL,'Minnetonka','Minnesota','USA'),(3100,'Lightning Turtles',NULL,'Mendota Heights','Minnesota','USA'),(3122,'The Alluminators',NULL,'New Ulm','Minnesota','USA'),(3130,'The ERRORs',NULL,'Woodbury','Minnesota','USA'),(3202,'KnightBots',NULL,'St. Paul','Minnesota','USA'),(3206,'Royal T-Wrecks',NULL,'Woodbury','Minnesota','USA'),(3212,'YME Stingbots',NULL,'Granite Falls','Minnesota','USA'),(3267,'Mariner Robotics',NULL,'Silver Bay','Minnesota','USA'),(3276,'TOOLCATS',NULL,'New London','Minnesota','USA'),(3277,'ProDigi',NULL,'Thief River Falls','Minnesota','USA'),(3291,'Au Pirates',NULL,'Brooklyn Park','Minnesota','USA'),(3293,'OtterBots',NULL,'Fergus Falls','Minnesota','USA'),(3294,'Backwoods Engineers',NULL,'Pine River','Minnesota','USA'),(3297,'Full Metal Jackets',NULL,'Perham','Minnesota','USA'),(3313,'Mechatronics',NULL,'Alexandria','Minnesota','USA'),(3367,'Circle Of Life Academy - COLA',NULL,'White Earth','Minnesota','USA'),(3610,'Islanders',NULL,'Minneapolis','Minnesota','USA'),(3630,'The Stampede',NULL,'Minneapolis','Minnesota','USA'),(3633,'Catalyst 3633',NULL,'Albert Lea','Minnesota','USA'),(3691,'RoboRaiders',NULL,'Northfield','Minnesota','USA'),(3723,'TEKnights',NULL,'Spring Valley','Minnesota','USA'),(3740,'Storm Robotics',NULL,'Sauk Rapids','Minnesota','USA'),(3745,'Governors',NULL,'Saint Paul','Minnesota','USA'),(3750,'Gator Robotics',NULL,'Badger','Minnesota','USA'),(3755,'Dragon Robotics',NULL,'Litchfield','Minnesota','USA'),(3840,'Teens \'Nto Technology',NULL,'Isanti','Minnesota','USA'),(3848,'Bots in Shining Armour',NULL,'Kenyon','Minnesota','USA'),(3871,'Trojan Robotics',NULL,'Worthington','Minnesota','USA'),(3883,'Data Bits',NULL,'Cottage Grove','Minnesota','USA'),(3926,'MPArors',NULL,'Saint Paul','Minnesota','USA'),(3928,'Team Neutrino',NULL,'Ames','Iowa','USA'),(4009,'Denfeld DNA Robotics',NULL,'Duluth','Minnesota','USA'),(4011,'btic (pi robotics)',NULL,'La Crosse','Wisconsin','USA'),(4021,'igKnightion',NULL,'Onalaska','Wisconsin','USA'),(4054,'Robo Raiders',NULL,'La Crosse','Wisconsin','USA'),(4166,'Robostang',NULL,'Mora','Minnesota','USA'),(4174,'Mustangs',NULL,'Hector','Minnesota','USA'),(4182,'Viking Robotics',NULL,'Minneota','Minnesota','USA'),(4198,'RoboCats',NULL,'Waconia','Minnesota','USA'),(4215,'Tritons',NULL,'Saint Paul','Minnesota','USA'),(4217,'Scitobors',NULL,'Nashwauk','Minnesota','USA'),(4225,'RoboCats',NULL,'Saint Paul','Minnesota','USA'),(4226,'Huskies',NULL,'Albany','Minnesota','USA'),(4230,'TopperBots','','Duluth','Minnesota','USA'),(4238,'BBE Resistance Robotics',NULL,'Belgrade','Minnesota','USA'),(4239,'WARPSPEED',NULL,'Willmar','Minnesota','USA'),(4260,'BEAR Bucs',NULL,'Blue Earth Area','Minnesota','USA'),(4277,'Thingamajiggers',NULL,'Minneapolis','Minnesota','USA'),(4329,'Lutheran Roboteers',NULL,'Saint Peters','Missouri','USA'),(4397,'TEAM Clutch Robotics',NULL,'Bagley','Minnesota','USA'),(4480,'UC-Botics',NULL,'Upsala','Minnesota','USA'),(4500,'RoboHounds',NULL,'Clayton','Missouri','USA'),(4506,'PioNerds',NULL,'Saint Paul','Minnesota','USA'),(4511,'Power Amplified',NULL,'Plymouth','Minnesota','USA'),(4531,'STEMpunk',NULL,'Two Rivers','Wisconsin','USA'),(4536,'MinuteBots',NULL,'Saint Paul','Minnesota','USA'),(4539,'KAOTIC Robotics',NULL,'Frazee','Minnesota','USA'),(4549,'Iron Bulls',NULL,'South Saint Paul','Minnesota','USA'),(4607,'C.I.S.',NULL,'Becker','Minnesota','USA'),(4623,'Flyer Robotics',NULL,'Little Falls','Minnesota','USA'),(4624,'Rebel Alliance',NULL,'Owatonna','Minnesota','USA'),(4632,'Monti-Pythons',NULL,'Monticello','Minnesota','USA'),(4646,'Team ASAP',NULL,'Des Moines','Iowa','USA'),(4648,'Techno-Tech',NULL,'Jordan','Minnesota','USA'),(4656,'Rock Solid Robotics',NULL,'Two Harbors','Minnesota','USA'),(4663,'Cyber Tigers',NULL,'Belle Plaine','Minnesota','USA'),(4665,'Predators',NULL,'Glencoe','Minnesota','USA'),(4693,'Team Rock-It',NULL,'Rockford','Minnesota','USA'),(4728,'Rocori Rench Reckers',NULL,'Cold Spring','Minnesota','USA'),(4741,'WingNuts',NULL,'Redwood Falls','Minnesota','USA'),(4778,'Stormbots',NULL,'Chanhassen','Minnesota','USA'),(4818,'The Herd',NULL,'West Fargo','North Dakota','USA'),(4845,'Lion\'s Pride',NULL,'Duluth','Minnesota','USA'),(4859,'The CyBears',NULL,'Byron','Minnesota','USA'),(4959,'Millennium Falcons',NULL,'Kansas City','Missouri','USA'),(5006,'Apophis',NULL,'Fayetteville','Arkansas','USA'),(5041,'CyBears',NULL,'West Branch','Iowa','USA'),(5143,'GRG Raw Steel',NULL,'Grand Rapids','Minnesota','USA'),(5232,'Talons',NULL,'Hermantown','Minnesota','USA'),(5253,'Bigfork Backwoods Bots',NULL,'Bigfork','Minnesota','USA'),(5275,'T.I.M.E.-Bots',NULL,'New Prague','Minnesota','USA'),(5278,'Los Clasicos',NULL,'Minneapolis','Minnesota','USA'),(5290,'Mechanical Howl',NULL,'Forest Lake','Minnesota','USA'),(5299,'Winger Tech',NULL,'Red Wing','Minnesota','USA'),(5340,'FAIR Robtics',NULL,'Minneapolis','Minnesota','USA'),(5348,'Charger Robotics',NULL,'Cokato','Minnesota','USA'),(5434,'Falcon Robotics',NULL,'Faribault','Minnesota','USA'),(5464,'Bluejacket Robotics',NULL,'Cambridge','Minnesota','USA'),(5541,'Shakopee Robotics',NULL,'Shakopee','Minnesota','USA'),(5542,'RoboHerd',NULL,'Buffalo','Minnesota','USA'),(5576,'Team Terminator',NULL,'Spirit Lake','Iowa','USA'),(5595,'NRHS TigerBytes',NULL,'New Richmond','Wisconsin','USA'),(5626,'Nu-matic Ninjas',NULL,'Norwood Young America','Minnesota','USA'),(5653,'Iron Mosquitos',NULL,'Babbitt','Minnesota','USA'),(5690,'SubZero Robotics',NULL,'Esko','Minnesota','USA'),(5720,'Jagobotics',NULL,'Hinckley','Minnesota','USA'),(5826,'Avis Automata',NULL,'Chippewa Falls','Wisconsin','USA'),(5837,'Unity4Tech',NULL,'Waterloo','Iowa','USA'),(5903,'ThorBots',NULL,'Westby','Wisconsin','USA'),(5906,'Titanium Badgers',NULL,'Bennington','Nebraska','USA'),(5913,'Patriotics',NULL,'Pequot Lakes','Minnesota','USA'),(5914,'Caledonia Robotic Warriors',NULL,'Caledonia','Minnesota','USA'),(5935,'Tech Tigers',NULL,'Grinnell','Iowa','USA'),(5991,'Chargers',NULL,'Westbrook','Minnesota','USA'),(5998,'The Chillbots',NULL,'International Falls','Minnesota','USA'),(5999,'Byte Force',NULL,'Milaca','Minnesota','USA'),(6022,'Wrench Warmers',NULL,'Blooming Prairie','Minnesota','USA'),(6025,'Adroit Androids',NULL,'Istanbul','Istanbul','Turkey'),(6044,'Circuit Breakers',NULL,'Moose Lake','Minnesota','USA'),(6045,'BREADBOTS',NULL,'Sartell','Minnesota','USA'),(6047,'Proctor Frostbyte',NULL,'Proctor','Minnesota','USA'),(6107,'Cyber Jagzz',NULL,'Huntsville','Alabama','USA'),(6132,'Iron Rangers',NULL,'Crosby','Minnesota','USA'),(6146,'Blackjacks',NULL,'Dawson','Minnesota','USA'),(6147,'Tonkabots',NULL,'Mound','Minnesota','USA'),(6160,'Bombatrons',NULL,'Barnum','Minnesota','USA'),(6164,'Moonshot Slaybots',NULL,'Dike','Iowa','USA'),(6217,'Bomb-Botz',NULL,'Cannon Falls','Minnesota','USA'),(6317,'Disruptive Innovation',NULL,'Davenport','Iowa','USA'),(6318,'FE Freedom Engineers',NULL,'Freedom','Wisconsin','USA'),(6320,'Iron Hawks',NULL,'Manchester','Iowa','USA'),(6359,'TechKnow Difficulties',NULL,'Aurora','Nebraska','USA'),(6371,'Spencer Robotics',NULL,'Spencer','Iowa','USA'),(6379,'Terabyte of Ram',NULL,'Pleasant Hill','Iowa','USA'),(6391,'Ursuline Bearbotics',NULL,'Saint Louis','Missouri','USA'),(6412,'For Sale By Owner',NULL,'Cedar Rapids','Iowa','USA'),(6419,'Innovation, Collaboration, and Excellence',NULL,'West Des Moines','Iowa','USA'),(6420,'Fire Island Robotics',NULL,'Muscatine','Iowa','USA'),(6424,'Stealth Panther Robotics',NULL,'Knob Noster','Missouri','USA'),(6455,'The Coded Collective',NULL,'Waterloo','Iowa','USA'),(6467,'Tiger Robotics',NULL,'Lenox','Iowa','USA'),(6536,'TheDarkSide',NULL,'Vinton','Iowa','USA'),(6613,'Gogebic Range Robotics',NULL,'Hurley','Wisconsin','USA'),(6628,'KMS ROBOTICS',NULL,'Kerkhoven','Minnesota','USA'),(6630,'F.U.N. (Fiercely Uknighted Nation)',NULL,'La Porte City','Iowa','USA'),(6707,'RCW Jaguar Robosapiens',NULL,'Renville','Minnesota','USA'),(6720,'Walker-Hackensack-Akeley',NULL,'Walker','Minnesota','USA'),(6749,'tERAbytes',NULL,'Hopkins','Minnesota','USA'),(6758,'Otternauts',NULL,'Kasson','Minnesota','USA'),(6819,'Viking Robotics',NULL,'Vxj','Kronobergs ln','Sweden'),(6889,'DC Current',NULL,'Bloomfield','Iowa','USA'),(6912,'Gentry Robotics',NULL,'Saint Paul','Minnesota','USA'),(6950,'West Central Valley TAG',NULL,'Stuart','Iowa','USA'),(6999,'B.E.S.T.',NULL,'Sinop','Sinop','Turkey'),(7019,'Tech NoLogic: Powered by NASA',NULL,'Minneapolis','Minnesota','USA'),(7021,'TC Robotics',NULL,'Arcadia','Wisconsin','USA'),(7028,'Binary Battalion',NULL,'Saint Michael','Minnesota','USA'),(7041,'Doomsday Dogs',NULL,'Carlton','Minnesota','USA'),(7122,'WYSIWYG',NULL,'Des Moines','Iowa','USA'),(7141,'Cyberhounds',NULL,'Fort Madison','Iowa','USA'),(7142,'Saydel High School Robotics Team---Vulcan Eagles',NULL,'Des Moines','Iowa','USA'),(7258,'Hiawatha Collegiate',NULL,'Minneapolis','Minnesota','USA'),(7273,'ZooM Robotics',NULL,'Zumbrota','Minnesota','USA'),(7309,'Green Lightning',NULL,'Storm Lake','Iowa','USA'),(7311,'SquintSquad',NULL,'Virginia','Minnesota','USA');
/*!40000 ALTER TABLE `team` ENABLE KEYS */;
UNLOCK TABLES;

--
-- Table structure for table `team_matchup`
--

DROP TABLE IF EXISTS `team_matchup`;
/*!40101 SET @saved_cs_client     = @@character_set_client */;
/*!40101 SET character_set_client = utf8 */;
CREATE TABLE `team_matchup` (
  `id` int(11) NOT NULL AUTO_INCREMENT,
  `matchup_id` int(11) NOT NULL,
  `team_id` int(11) NOT NULL,
  `alliance` varchar(45) NOT NULL,
  PRIMARY KEY (`id`),
  UNIQUE KEY `team_match_ui1` (`matchup_id`,`team_id`),
  KEY `fk_Match_has_Team_Team1_idx` (`team_id`),
  KEY `fk_Match_has_Team_Match1_idx` (`matchup_id`),
  CONSTRAINT `fk_Match_has_Team_Match1` FOREIGN KEY (`matchup_id`) REFERENCES `matchup` (`id`) ON DELETE NO ACTION ON UPDATE NO ACTION,
  CONSTRAINT `fk_Match_has_Team_Team1` FOREIGN KEY (`team_id`) REFERENCES `team` (`id`) ON DELETE NO ACTION ON UPDATE NO ACTION
) ENGINE=InnoDB AUTO_INCREMENT=1732 DEFAULT CHARSET=utf8;
/*!40101 SET character_set_client = @saved_cs_client */;

--
-- Dumping data for table `team_matchup`
--

LOCK TABLES `team_matchup` WRITE;
/*!40000 ALTER TABLE `team_matchup` DISABLE KEYS */;
INSERT INTO `team_matchup` VALUES (624,151,3267,'red'),(625,151,3212,'red'),(626,151,4665,'red'),(627,151,3054,'blue'),(628,151,3297,'blue'),(629,151,6758,'blue'),(630,152,1259,'red'),(631,152,4511,'red'),(632,152,706,'red'),(633,152,3926,'blue'),(634,152,4531,'blue'),(635,152,3691,'blue'),(636,153,2861,'red'),(637,153,4226,'red'),(638,153,4632,'red'),(639,153,2450,'blue'),(640,153,2512,'blue'),(641,153,2177,'blue'),(642,154,6132,'red'),(643,154,4859,'red'),(644,154,2227,'red'),(645,154,876,'blue'),(646,154,4506,'blue'),(647,154,4182,'blue'),(648,155,6613,'red'),(649,155,3630,'red'),(650,155,6819,'red'),(651,155,4174,'blue'),(652,155,6044,'blue'),(653,155,3745,'blue'),(654,156,3267,'red'),(655,156,2502,'red'),(656,156,2501,'red'),(657,156,5999,'blue'),(658,156,5434,'blue'),(659,156,3036,'blue'),(660,157,7021,'red'),(661,157,6045,'red'),(662,157,3054,'red'),(663,157,4239,'blue'),(664,157,5653,'blue'),(665,157,4624,'blue'),(666,158,3723,'red'),(667,158,5720,'red'),(668,158,4549,'red'),(669,158,5232,'blue'),(670,158,3297,'blue'),(671,158,2987,'blue'),(672,159,5541,'red'),(673,159,4656,'red'),(674,159,4623,'red'),(675,159,3212,'blue'),(676,159,2989,'blue'),(677,159,5826,'blue'),(678,160,2181,'red'),(679,160,5903,'red'),(680,160,5998,'red'),(681,160,6707,'blue'),(682,160,6147,'blue'),(683,160,4665,'blue'),(684,161,7311,'red'),(685,161,2531,'red'),(686,161,5999,'red'),(687,161,2450,'blue'),(688,161,6758,'blue'),(689,161,2509,'blue'),(690,162,6819,'red'),(691,162,4226,'red'),(692,162,3036,'red'),(693,162,706,'blue'),(694,162,4632,'blue'),(695,162,3054,'blue'),(696,163,4511,'red'),(697,163,6613,'red'),(698,163,3723,'red'),(699,163,1259,'blue'),(700,163,876,'blue'),(701,163,7021,'blue'),(702,164,5653,'red'),(703,164,4174,'red'),(704,164,5232,'red'),(705,164,4531,'blue'),(706,164,2989,'blue'),(707,164,5541,'blue'),(708,165,6132,'red'),(709,165,2512,'red'),(710,165,3926,'red'),(711,165,4549,'blue'),(712,165,4665,'blue'),(713,165,6045,'blue'),(714,166,6707,'red'),(715,166,4182,'red'),(716,166,3212,'red'),(717,166,2502,'blue'),(718,166,4239,'blue'),(719,166,2177,'blue'),(720,167,3297,'red'),(721,167,5826,'red'),(722,167,6147,'red'),(723,167,2501,'blue'),(724,167,2531,'blue'),(725,167,3745,'blue'),(726,168,5720,'red'),(727,168,7311,'red'),(728,168,2227,'red'),(729,168,5998,'blue'),(730,168,2861,'blue'),(731,168,3630,'blue'),(732,169,3691,'red'),(733,169,2987,'red'),(734,169,4506,'red'),(735,169,5903,'blue'),(736,169,3267,'blue'),(737,169,4624,'blue'),(738,170,6758,'red'),(739,170,5434,'red'),(740,170,6044,'red'),(741,170,4623,'blue'),(742,170,2181,'blue'),(743,170,4859,'blue'),(744,171,2509,'red'),(745,171,5653,'red'),(746,171,4182,'red'),(747,171,2512,'blue'),(748,171,4656,'blue'),(749,171,1259,'blue'),(750,172,4174,'red'),(751,172,6147,'red'),(752,172,2450,'red'),(753,172,4511,'blue'),(754,172,6132,'blue'),(755,172,3297,'blue'),(756,173,876,'red'),(757,173,5541,'red'),(758,173,3054,'red'),(759,173,2531,'blue'),(760,173,2502,'blue'),(761,173,5720,'blue'),(762,174,706,'red'),(763,174,5998,'red'),(764,174,2987,'red'),(765,174,6045,'blue'),(766,174,4632,'blue'),(767,174,5826,'blue'),(768,175,6044,'red'),(769,175,5903,'red'),(770,175,4239,'red'),(771,175,2227,'blue'),(772,175,5999,'blue'),(773,175,4549,'blue'),(774,176,6707,'red'),(775,176,2181,'red'),(776,176,3267,'red'),(777,176,2861,'blue'),(778,176,2989,'blue'),(779,176,3926,'blue'),(780,177,6758,'red'),(781,177,4624,'red'),(782,177,4623,'red'),(783,177,4656,'blue'),(784,177,6613,'blue'),(785,177,4226,'blue'),(786,178,3691,'red'),(787,178,2501,'red'),(788,178,3212,'red'),(789,178,3723,'blue'),(790,178,6819,'blue'),(791,178,7311,'blue'),(792,179,4859,'red'),(793,179,4665,'red'),(794,179,4506,'red'),(795,179,4531,'blue'),(796,179,2177,'blue'),(797,179,3630,'blue'),(798,180,5232,'red'),(799,180,3036,'red'),(800,180,3745,'red'),(801,180,2509,'blue'),(802,180,7021,'blue'),(803,180,5434,'blue'),(805,3,3054,'none'),(806,3,3212,'none'),(807,3,3267,'none'),(808,3,3297,'none'),(809,3,4665,'none'),(810,3,6758,'none'),(811,3,706,'none'),(812,3,1259,'none'),(813,3,3691,'none'),(814,3,3926,'none'),(815,3,4511,'none'),(816,3,4531,'none'),(817,3,2177,'none'),(818,3,2450,'none'),(819,3,2512,'none'),(820,3,2861,'none'),(821,3,4226,'none'),(822,3,4632,'none'),(823,3,876,'none'),(824,3,2227,'none'),(825,3,4182,'none'),(826,3,4506,'none'),(827,3,4859,'none'),(828,3,6132,'none'),(829,3,3630,'none'),(830,3,3745,'none'),(831,3,4174,'none'),(832,3,6044,'none'),(833,3,6613,'none'),(834,3,6819,'none'),(835,3,2501,'none'),(836,3,2502,'none'),(837,3,3036,'none'),(838,3,5434,'none'),(839,3,5999,'none'),(840,3,4239,'none'),(841,3,4624,'none'),(842,3,5653,'none'),(843,3,6045,'none'),(844,3,7021,'none'),(845,3,2987,'none'),(846,3,3723,'none'),(847,3,4549,'none'),(848,3,5232,'none'),(849,3,5720,'none'),(850,3,2989,'none'),(851,3,4623,'none'),(852,3,4656,'none'),(853,3,5541,'none'),(854,3,5826,'none'),(855,3,2181,'none'),(856,3,5903,'none'),(857,3,5998,'none'),(858,3,6147,'none'),(859,3,6707,'none'),(860,3,2509,'none'),(861,3,2531,'none'),(862,3,7311,'none'),(863,85,5253,'red'),(864,85,3082,'red'),(865,85,3058,'blue'),(866,85,6160,'blue'),(867,85,4397,'blue'),(868,85,4480,'red'),(869,86,5299,'red'),(870,86,2264,'red'),(871,86,4728,'blue'),(872,86,3755,'blue'),(873,86,4166,'blue'),(874,86,4238,'red'),(875,87,5143,'blue'),(876,87,4539,'red'),(877,87,5690,'red'),(878,87,3293,'red'),(879,87,3055,'blue'),(880,87,3740,'blue'),(881,88,4741,'blue'),(882,88,3100,'red'),(883,88,5595,'blue'),(884,88,6022,'red'),(885,88,4607,'red'),(886,88,6318,'blue'),(887,89,2977,'red'),(888,89,1816,'blue'),(889,89,2503,'red'),(890,89,3122,'blue'),(891,89,6146,'blue'),(892,89,4011,'red'),(893,90,4845,'red'),(894,90,5253,'blue'),(895,90,4536,'blue'),(896,90,4215,'blue'),(897,90,2052,'red'),(898,90,6047,'red'),(899,91,3276,'blue'),(900,91,4238,'red'),(901,91,2264,'blue'),(902,91,2538,'red'),(903,91,2526,'red'),(904,91,3042,'blue'),(905,92,5299,'blue'),(906,92,93,'red'),(907,92,3840,'red'),(908,92,3058,'red'),(909,92,2202,'blue'),(910,92,3291,'blue'),(911,93,4728,'red'),(912,93,6160,'red'),(913,93,5348,'blue'),(914,93,3294,'blue'),(915,93,5464,'blue'),(916,93,4009,'red'),(917,94,5542,'blue'),(918,94,2499,'blue'),(919,94,4166,'red'),(920,94,6217,'blue'),(921,94,5913,'red'),(922,94,6720,'red'),(923,95,2846,'red'),(924,95,3755,'red'),(925,95,4217,'red'),(926,95,3082,'blue'),(927,95,2511,'blue'),(928,95,7028,'blue'),(929,96,4480,'red'),(930,96,4230,'blue'),(931,96,2175,'blue'),(932,96,7041,'blue'),(933,96,4198,'red'),(934,96,4778,'red'),(935,97,2977,'blue'),(936,97,6628,'blue'),(937,97,4397,'red'),(938,97,5690,'red'),(939,97,6047,'blue'),(940,97,2264,'red'),(941,98,4011,'blue'),(942,98,2202,'red'),(943,98,2052,'blue'),(944,98,4009,'red'),(945,98,3100,'red'),(946,98,2538,'blue'),(947,99,2526,'red'),(948,99,6217,'red'),(949,99,6160,'red'),(950,99,3293,'blue'),(951,99,6318,'blue'),(952,99,4607,'blue'),(953,100,5464,'blue'),(954,100,2846,'blue'),(955,100,3291,'red'),(956,100,6146,'red'),(957,100,4539,'blue'),(958,100,4166,'red'),(959,101,1816,'red'),(960,101,5143,'red'),(961,101,4215,'red'),(962,101,2511,'blue'),(963,101,3740,'blue'),(964,101,7041,'blue'),(965,102,4728,'blue'),(966,102,3276,'red'),(967,102,2175,'red'),(968,102,5595,'red'),(969,102,5253,'blue'),(970,102,5913,'blue'),(971,103,4741,'blue'),(972,103,4217,'blue'),(973,103,3840,'red'),(974,103,2503,'blue'),(975,103,4480,'red'),(976,103,4536,'red'),(977,104,7028,'red'),(978,104,5542,'blue'),(979,104,3042,'blue'),(980,104,4397,'red'),(981,104,4230,'red'),(982,104,3294,'blue'),(983,105,6022,'red'),(984,105,4198,'blue'),(985,105,5348,'blue'),(986,105,93,'red'),(987,105,3755,'blue'),(988,105,4845,'red'),(989,106,3082,'red'),(990,106,3058,'red'),(991,106,2499,'blue'),(992,106,3055,'blue'),(993,106,4778,'blue'),(994,106,4238,'red'),(995,107,5464,'red'),(996,107,5299,'red'),(997,107,6720,'blue'),(998,107,7041,'blue'),(999,107,6628,'red'),(1000,107,3122,'blue'),(1001,108,4536,'blue'),(1002,108,3740,'red'),(1003,108,2264,'red'),(1004,108,3100,'blue'),(1005,108,2052,'blue'),(1006,108,2175,'red'),(1007,109,4480,'blue'),(1008,109,4009,'blue'),(1009,109,5913,'red'),(1010,109,3042,'red'),(1011,109,6146,'red'),(1012,109,5690,'blue'),(1013,110,3755,'red'),(1014,110,3293,'red'),(1015,110,2503,'blue'),(1016,110,4845,'red'),(1017,110,4230,'blue'),(1018,110,4607,'blue'),(1019,111,1816,'blue'),(1020,111,3055,'red'),(1021,111,3840,'blue'),(1022,111,6022,'red'),(1023,111,2846,'blue'),(1024,111,3276,'red'),(1025,112,4011,'blue'),(1026,112,3058,'red'),(1027,112,4728,'blue'),(1028,112,7028,'red'),(1029,112,6318,'red'),(1030,112,4539,'blue'),(1031,113,5143,'blue'),(1032,113,3082,'blue'),(1033,113,2202,'red'),(1034,113,4166,'blue'),(1035,113,3294,'red'),(1036,113,2977,'red'),(1037,114,3122,'blue'),(1038,114,5542,'red'),(1039,114,4778,'blue'),(1040,114,4198,'red'),(1041,114,4215,'red'),(1042,114,4741,'blue'),(1043,115,4238,'blue'),(1044,115,6628,'red'),(1045,115,5348,'red'),(1046,115,6217,'blue'),(1047,115,3291,'red'),(1048,115,2511,'blue'),(1049,116,2538,'blue'),(1050,116,4217,'red'),(1051,116,93,'blue'),(1052,116,6160,'red'),(1053,116,6720,'blue'),(1054,116,5253,'red'),(1055,117,5595,'red'),(1056,117,2499,'blue'),(1057,117,2526,'blue'),(1058,117,4397,'red'),(1059,117,6047,'red'),(1060,117,5299,'blue'),(1061,2,706,'none'),(1062,2,876,'none'),(1063,2,1259,'none'),(1064,2,2177,'none'),(1065,2,2181,'none'),(1066,2,2227,'none'),(1067,2,2450,'none'),(1068,2,2501,'none'),(1069,2,2502,'none'),(1070,2,2509,'none'),(1071,2,2512,'none'),(1072,2,2531,'none'),(1073,2,2861,'none'),(1074,2,2987,'none'),(1075,2,2989,'none'),(1076,2,3036,'none'),(1077,2,3054,'none'),(1078,2,3212,'none'),(1079,2,3267,'none'),(1080,2,3297,'none'),(1081,2,3630,'none'),(1082,2,3691,'none'),(1083,2,3723,'none'),(1084,2,3745,'none'),(1085,2,3926,'none'),(1086,2,4174,'none'),(1087,2,4182,'none'),(1088,2,4226,'none'),(1089,2,4239,'none'),(1090,2,4506,'none'),(1091,2,4511,'none'),(1092,2,4531,'none'),(1093,2,4549,'none'),(1094,2,4623,'none'),(1095,2,4624,'none'),(1096,2,4632,'none'),(1097,2,4656,'none'),(1098,2,4665,'none'),(1099,2,4859,'none'),(1100,2,5232,'none'),(1101,2,5434,'none'),(1102,2,5541,'none'),(1103,2,5653,'none'),(1104,2,5720,'none'),(1105,2,5826,'none'),(1106,2,5903,'none'),(1107,2,5998,'none'),(1108,2,5999,'none'),(1109,2,6044,'none'),(1110,2,6045,'none'),(1111,2,6132,'none'),(1112,2,6147,'none'),(1113,2,6613,'none'),(1114,2,6707,'none'),(1115,2,6758,'none'),(1116,2,6819,'none'),(1117,2,7021,'none'),(1118,2,7311,'none'),(1119,4,167,'none'),(1120,4,525,'none'),(1121,4,931,'none'),(1122,4,967,'none'),(1123,4,1094,'none'),(1124,4,1156,'none'),(1125,4,1710,'none'),(1126,4,1982,'none'),(1127,4,1985,'none'),(1128,4,2410,'none'),(1129,4,2526,'none'),(1130,4,2530,'none'),(1131,4,2549,'none'),(1132,4,2874,'none'),(1133,4,2957,'none'),(1134,4,2987,'none'),(1135,4,3026,'none'),(1136,4,3206,'none'),(1137,4,3633,'none'),(1138,4,3928,'none'),(1139,4,4021,'none'),(1140,4,4054,'none'),(1141,4,4260,'none'),(1142,4,4329,'none'),(1143,4,4500,'none'),(1144,4,4506,'none'),(1145,4,4646,'none'),(1146,4,4818,'none'),(1147,4,4959,'none'),(1148,4,5006,'none'),(1149,4,5041,'none'),(1150,4,5576,'none'),(1151,4,5690,'none'),(1152,4,5837,'none'),(1153,4,5906,'none'),(1154,4,5914,'none'),(1155,4,5935,'none'),(1156,4,5991,'none'),(1157,4,6025,'none'),(1158,4,6164,'none'),(1159,4,6317,'none'),(1160,4,6320,'none'),(1161,4,6359,'none'),(1162,4,6371,'none'),(1163,4,6379,'none'),(1164,4,6391,'none'),(1165,4,6412,'none'),(1166,4,6419,'none'),(1167,4,6420,'none'),(1168,4,6424,'none'),(1169,4,6455,'none'),(1170,4,6467,'none'),(1171,4,6536,'none'),(1172,4,6630,'none'),(1173,4,6889,'none'),(1174,4,6950,'none'),(1175,4,6999,'none'),(1176,4,7122,'none'),(1177,4,7141,'none'),(1178,4,7142,'none'),(1179,4,7309,'none'),(1180,181,1156,'red'),(1181,181,4054,'red'),(1182,181,167,'red'),(1183,181,6025,'blue'),(1184,181,5576,'blue'),(1185,181,6950,'blue'),(1186,182,3026,'red'),(1187,182,6467,'red'),(1188,182,4329,'red'),(1189,182,6317,'blue'),(1190,182,931,'blue'),(1191,182,3928,'blue'),(1192,183,7309,'red'),(1193,183,6320,'red'),(1194,183,5914,'red'),(1195,183,1094,'blue'),(1196,183,7141,'blue'),(1197,183,6420,'blue'),(1198,184,6371,'red'),(1199,184,6424,'red'),(1200,184,2987,'red'),(1201,184,4500,'blue'),(1202,184,2526,'blue'),(1203,184,6391,'blue'),(1204,185,967,'red'),(1205,185,5906,'red'),(1206,185,6379,'red'),(1207,185,2530,'blue'),(1208,185,2874,'blue'),(1209,185,5690,'blue'),(1210,186,5837,'red'),(1211,186,6630,'red'),(1212,186,7142,'red'),(1213,186,1710,'blue'),(1214,186,5041,'blue'),(1215,186,6999,'blue'),(1216,187,1985,'red'),(1217,187,5006,'red'),(1218,187,6889,'red'),(1219,187,6536,'blue'),(1220,187,2549,'blue'),(1221,187,6359,'blue'),(1222,188,2410,'red'),(1223,188,3206,'red'),(1224,188,4959,'red'),(1225,188,2957,'blue'),(1226,188,6455,'blue'),(1227,188,7122,'blue'),(1228,189,4818,'red'),(1229,189,5991,'red'),(1230,189,525,'red'),(1231,189,4021,'blue'),(1232,189,5935,'blue'),(1233,189,1982,'blue'),(1234,190,6419,'red'),(1235,190,6412,'red'),(1236,190,4506,'red'),(1237,190,4646,'blue'),(1238,190,3633,'blue'),(1239,190,6164,'blue'),(1240,191,5576,'red'),(1241,191,3026,'red'),(1242,191,2874,'red'),(1243,191,2526,'blue'),(1244,191,4260,'blue'),(1245,191,1710,'blue'),(1246,192,6424,'red'),(1247,192,6025,'red'),(1248,192,5837,'red'),(1249,192,5006,'blue'),(1250,192,5906,'blue'),(1251,192,2530,'blue'),(1252,193,1985,'red'),(1253,193,1156,'red'),(1254,193,6379,'red'),(1255,193,967,'blue'),(1256,193,7122,'blue'),(1257,193,6371,'blue'),(1258,194,525,'red'),(1259,194,6467,'red'),(1260,194,5914,'red'),(1261,194,167,'blue'),(1262,194,2549,'blue'),(1263,194,2957,'blue'),(1264,195,2410,'red'),(1265,195,4818,'red'),(1266,195,4054,'red'),(1267,195,6889,'blue'),(1268,195,6320,'blue'),(1269,195,6419,'blue'),(1270,196,6391,'red'),(1271,196,5690,'red'),(1272,196,3928,'red'),(1273,196,6412,'blue'),(1274,196,6999,'blue'),(1275,196,5935,'blue'),(1276,197,6536,'red'),(1277,197,3633,'red'),(1278,197,931,'red'),(1279,197,7141,'blue'),(1280,197,2987,'blue'),(1281,197,6455,'blue'),(1282,198,6950,'red'),(1283,198,5991,'red'),(1284,198,4500,'red'),(1285,198,6420,'blue'),(1286,198,4646,'blue'),(1287,198,7142,'blue'),(1288,199,6630,'red'),(1289,199,1094,'red'),(1290,199,6359,'red'),(1291,199,6164,'blue'),(1292,199,3206,'blue'),(1293,199,4329,'blue'),(1294,200,4021,'red'),(1295,200,5041,'red'),(1296,200,7309,'red'),(1297,200,6317,'blue'),(1298,200,4506,'blue'),(1299,200,1982,'blue'),(1300,201,525,'red'),(1301,201,4260,'red'),(1302,201,2549,'red'),(1303,201,4959,'blue'),(1304,201,5906,'blue'),(1305,201,6412,'blue'),(1306,202,4818,'red'),(1307,202,2530,'red'),(1308,202,6025,'red'),(1309,202,1710,'blue'),(1310,202,1985,'blue'),(1311,202,6467,'blue'),(1312,203,6379,'red'),(1313,203,6320,'red'),(1314,203,6999,'red'),(1315,203,2526,'blue'),(1316,203,6950,'blue'),(1317,203,6424,'blue'),(1318,204,2874,'red'),(1319,204,6630,'red'),(1320,204,3633,'red'),(1321,204,167,'blue'),(1322,204,5006,'blue'),(1323,204,5935,'blue'),(1324,205,6317,'red'),(1325,205,6536,'red'),(1326,205,1094,'red'),(1327,205,2410,'blue'),(1328,205,3928,'blue'),(1329,205,1156,'blue'),(1330,206,6371,'red'),(1331,206,6391,'red'),(1332,206,7141,'red'),(1333,206,3026,'blue'),(1334,206,4959,'blue'),(1335,206,4646,'blue'),(1336,207,2957,'red'),(1337,207,6420,'red'),(1338,207,6359,'red'),(1339,207,2987,'blue'),(1340,207,5690,'blue'),(1341,207,5041,'blue'),(1342,208,6889,'red'),(1343,208,7309,'red'),(1344,208,967,'red'),(1345,208,6164,'blue'),(1346,208,5914,'blue'),(1347,208,931,'blue'),(1348,209,4329,'red'),(1349,209,5837,'red'),(1350,209,6455,'red'),(1351,209,4021,'blue'),(1352,209,5576,'blue'),(1353,209,5991,'blue'),(1354,210,7122,'red'),(1355,210,7142,'red'),(1356,210,3206,'red'),(1357,210,4054,'blue'),(1358,210,4506,'blue'),(1359,210,4260,'blue'),(1360,211,4500,'red'),(1361,211,1982,'red'),(1362,211,2874,'red'),(1363,211,6419,'blue'),(1364,211,1156,'blue'),(1365,211,6999,'blue'),(1366,212,4818,'red'),(1367,212,6317,'red'),(1368,212,2526,'red'),(1369,212,3633,'blue'),(1370,212,4959,'blue'),(1371,212,6420,'blue'),(1372,213,5906,'red'),(1373,213,3026,'red'),(1374,213,6536,'red'),(1375,213,6320,'blue'),(1376,213,167,'blue'),(1377,213,6630,'blue'),(1378,214,6359,'red'),(1379,214,6950,'red'),(1380,214,5935,'red'),(1381,214,6467,'blue'),(1382,214,967,'blue'),(1383,214,6424,'blue'),(1384,215,5991,'red'),(1385,215,7141,'red'),(1386,215,2549,'red'),(1387,215,4506,'blue'),(1388,215,6025,'blue'),(1389,215,7122,'blue'),(1390,216,2530,'red'),(1391,216,2987,'red'),(1392,216,4329,'red'),(1393,216,6412,'blue'),(1394,216,6889,'blue'),(1395,216,7142,'blue'),(1396,217,5690,'red'),(1397,217,1982,'red'),(1398,217,931,'red'),(1399,217,5837,'blue'),(1400,217,4054,'blue'),(1401,217,6371,'blue'),(1402,218,5576,'red'),(1403,218,5041,'red'),(1404,218,4500,'red'),(1405,218,3206,'blue'),(1406,218,3928,'blue'),(1407,218,525,'blue'),(1408,219,1985,'red'),(1409,219,6419,'red'),(1410,219,4260,'red'),(1411,219,2957,'blue'),(1412,219,7309,'blue'),(1413,219,6391,'blue'),(1414,220,4646,'red'),(1415,220,2410,'red'),(1416,220,1710,'red'),(1417,220,5914,'blue'),(1418,220,5006,'blue'),(1419,220,4021,'blue'),(1420,221,6164,'red'),(1421,221,1094,'red'),(1422,221,4818,'red'),(1423,221,6455,'blue'),(1424,221,6379,'blue'),(1425,221,3026,'blue'),(1426,222,6320,'red'),(1427,222,6359,'red'),(1428,222,5991,'red'),(1429,222,3633,'blue'),(1430,222,6412,'blue'),(1431,222,6317,'blue'),(1432,223,2549,'red'),(1433,223,2874,'red'),(1434,223,6424,'red'),(1435,223,4329,'blue'),(1436,223,7142,'blue'),(1437,223,4054,'blue'),(1438,224,5041,'red'),(1439,224,7141,'red'),(1440,224,5906,'red'),(1441,224,6391,'blue'),(1442,224,6467,'blue'),(1443,224,6950,'blue'),(1444,225,5914,'red'),(1445,225,7122,'red'),(1446,225,6536,'red'),(1447,225,6419,'blue'),(1448,225,5935,'blue'),(1449,225,5576,'blue'),(1450,226,6999,'red'),(1451,226,931,'red'),(1452,226,4021,'red'),(1453,226,3206,'blue'),(1454,226,1985,'blue'),(1455,226,2530,'blue'),(1456,227,4260,'red'),(1457,227,6455,'red'),(1458,227,5006,'red'),(1459,227,1982,'blue'),(1460,227,1156,'blue'),(1461,227,6420,'blue'),(1462,228,5690,'red'),(1463,228,6164,'red'),(1464,228,4500,'red'),(1465,228,167,'blue'),(1466,228,2410,'blue'),(1467,228,2526,'blue'),(1468,229,1710,'red'),(1469,229,6025,'red'),(1470,229,6889,'red'),(1471,229,1094,'blue'),(1472,229,2957,'blue'),(1473,229,6371,'blue'),(1474,230,4959,'red'),(1475,230,7309,'red'),(1476,230,4506,'red'),(1477,230,5837,'blue'),(1478,230,6379,'blue'),(1479,230,3928,'blue'),(1480,231,6630,'red'),(1481,231,4646,'red'),(1482,231,967,'red'),(1483,231,2987,'blue'),(1484,231,4054,'blue'),(1485,231,525,'blue'),(1486,232,6424,'red'),(1487,232,3633,'red'),(1488,232,1156,'red'),(1489,232,5041,'blue'),(1490,232,5914,'blue'),(1491,232,3026,'blue'),(1492,233,5006,'red'),(1493,233,6317,'red'),(1494,233,5576,'red'),(1495,233,7141,'blue'),(1496,233,1985,'blue'),(1497,233,5690,'blue'),(1498,234,6950,'red'),(1499,234,167,'red'),(1500,234,6419,'red'),(1501,234,6455,'blue'),(1502,234,6371,'blue'),(1503,234,6412,'blue'),(1504,235,5906,'red'),(1505,235,2526,'red'),(1506,235,3206,'red'),(1507,235,5935,'blue'),(1508,235,7309,'blue'),(1509,235,5991,'blue'),(1510,236,931,'red'),(1511,236,6359,'red'),(1512,236,4646,'red'),(1513,236,6379,'blue'),(1514,236,4818,'blue'),(1515,236,4260,'blue'),(1516,237,3928,'red'),(1517,237,2530,'red'),(1518,237,6630,'red'),(1519,237,1982,'blue'),(1520,237,2549,'blue'),(1521,237,6391,'blue'),(1522,238,4329,'red'),(1523,238,1710,'red'),(1524,238,2957,'red'),(1525,238,967,'blue'),(1526,238,4500,'blue'),(1527,238,6320,'blue'),(1528,239,6025,'red'),(1529,239,4021,'red'),(1530,239,4959,'red'),(1531,239,7142,'blue'),(1532,239,6536,'blue'),(1533,239,6164,'blue'),(1534,240,2874,'red'),(1535,240,1094,'red'),(1536,240,2410,'red'),(1537,240,2987,'blue'),(1538,240,4506,'blue'),(1539,240,6467,'blue'),(1540,241,6420,'red'),(1541,241,525,'red'),(1542,241,7122,'red'),(1543,241,6999,'blue'),(1544,241,6889,'blue'),(1545,241,5837,'blue'),(1546,242,5041,'red'),(1547,242,6371,'red'),(1548,242,167,'red'),(1549,242,2530,'blue'),(1550,242,5991,'blue'),(1551,242,4260,'blue'),(1552,243,3633,'red'),(1553,243,6455,'red'),(1554,243,1985,'red'),(1555,243,4500,'blue'),(1556,243,4329,'blue'),(1557,243,5906,'blue'),(1558,244,3928,'red'),(1559,244,7142,'red'),(1560,244,6419,'red'),(1561,244,2526,'blue'),(1562,244,931,'blue'),(1563,244,6025,'blue'),(1564,245,5935,'red'),(1565,245,2987,'red'),(1566,245,4959,'red'),(1567,245,1156,'blue'),(1568,245,1710,'blue'),(1569,245,7309,'blue'),(1570,246,6467,'red'),(1571,246,6420,'red'),(1572,246,2410,'red'),(1573,246,4054,'blue'),(1574,246,6630,'blue'),(1575,246,6379,'blue'),(1576,247,7122,'red'),(1577,247,4021,'red'),(1578,247,6889,'red'),(1579,247,5690,'blue'),(1580,247,6950,'blue'),(1581,247,3026,'blue'),(1582,248,1094,'red'),(1583,248,6999,'red'),(1584,248,4646,'red'),(1585,248,2549,'blue'),(1586,248,967,'blue'),(1587,248,5576,'blue'),(1588,249,4506,'red'),(1589,249,6391,'red'),(1590,249,6320,'red'),(1591,249,6359,'blue'),(1592,249,525,'blue'),(1593,249,5006,'blue'),(1594,250,6536,'red'),(1595,250,2957,'red'),(1596,250,1982,'red'),(1597,250,6424,'blue'),(1598,250,6164,'blue'),(1599,250,6317,'blue'),(1600,251,6412,'red'),(1601,251,5914,'red'),(1602,251,5837,'red'),(1603,251,3206,'blue'),(1604,251,2874,'blue'),(1605,251,4818,'blue'),(1606,252,5935,'red'),(1607,252,4500,'red'),(1608,252,7141,'red'),(1609,252,6889,'blue'),(1610,252,6379,'blue'),(1611,252,2530,'blue'),(1612,253,6950,'red'),(1613,253,6371,'red'),(1614,253,2549,'red'),(1615,253,7309,'blue'),(1616,253,2410,'blue'),(1617,253,3633,'blue'),(1618,254,3026,'red'),(1619,254,6419,'red'),(1620,254,5006,'red'),(1621,254,5991,'blue'),(1622,254,967,'blue'),(1623,254,2987,'blue'),(1624,255,7122,'red'),(1625,255,3928,'red'),(1626,255,1710,'red'),(1627,255,5906,'blue'),(1628,255,6359,'blue'),(1629,255,6164,'blue'),(1630,256,4054,'red'),(1631,256,1982,'red'),(1632,256,5041,'red'),(1633,256,4959,'blue'),(1634,256,1094,'blue'),(1635,256,1985,'blue'),(1636,257,6391,'red'),(1637,257,6317,'red'),(1638,257,6455,'red'),(1639,257,7142,'blue'),(1640,257,6025,'blue'),(1641,257,5914,'blue'),(1642,258,7141,'red'),(1643,258,6412,'red'),(1644,258,2526,'red'),(1645,258,6630,'blue'),(1646,258,2957,'blue'),(1647,258,4021,'blue'),(1648,259,6420,'red'),(1649,259,167,'red'),(1650,259,5576,'red'),(1651,259,931,'blue'),(1652,259,6424,'blue'),(1653,259,4506,'blue'),(1654,260,6467,'red'),(1655,260,4646,'red'),(1656,260,1156,'red'),(1657,260,6320,'blue'),(1658,260,5837,'blue'),(1659,260,3206,'blue'),(1660,261,4260,'red'),(1661,261,4329,'red'),(1662,261,6536,'red'),(1663,261,6999,'blue'),(1664,261,5690,'blue'),(1665,261,4818,'blue'),(1666,262,2874,'red'),(1667,262,6164,'red'),(1668,262,2987,'red'),(1669,262,525,'blue'),(1670,262,6950,'blue'),(1671,262,1985,'blue'),(1672,263,6455,'red'),(1673,263,2530,'red'),(1674,263,7309,'red'),(1675,263,6359,'blue'),(1676,263,3026,'blue'),(1677,263,4054,'blue'),(1678,264,5006,'red'),(1679,264,4500,'red'),(1680,264,6412,'red'),(1681,264,931,'blue'),(1682,264,7122,'blue'),(1683,264,1094,'blue'),(1684,265,6379,'red'),(1685,265,3206,'red'),(1686,265,6317,'red'),(1687,265,2549,'blue'),(1688,265,6419,'blue'),(1689,265,1710,'blue'),(1690,266,5914,'red'),(1691,266,6424,'red'),(1692,266,5690,'red'),(1693,266,5991,'blue'),(1694,266,4959,'blue'),(1695,266,6630,'blue'),(1696,267,6025,'red'),(1697,267,4329,'red'),(1698,267,167,'red'),(1699,267,4646,'blue'),(1700,267,5935,'blue'),(1701,267,5041,'blue'),(1702,268,6371,'red'),(1703,268,6420,'red'),(1704,268,6320,'red'),(1705,268,3928,'blue'),(1706,268,4021,'blue'),(1707,268,2874,'blue'),(1708,269,4506,'red'),(1709,269,6999,'red'),(1710,269,5906,'red'),(1711,269,1156,'blue'),(1712,269,4818,'blue'),(1713,269,2957,'blue'),(1714,270,7141,'red'),(1715,270,5837,'red'),(1716,270,967,'red'),(1717,270,4260,'blue'),(1718,270,6391,'blue'),(1719,270,2410,'blue'),(1720,271,7142,'red'),(1721,271,5576,'red'),(1722,271,6467,'red'),(1723,271,1982,'blue'),(1724,271,6889,'blue'),(1725,271,3633,'blue'),(1726,272,525,'red'),(1727,272,2526,'red'),(1728,272,2530,'red'),(1729,272,1710,'blue'),(1730,272,6536,'blue'),(1731,272,6950,'blue');
/*!40000 ALTER TABLE `team_matchup` ENABLE KEYS */;
UNLOCK TABLES;
/*!40103 SET TIME_ZONE=@OLD_TIME_ZONE */;

/*!40101 SET SQL_MODE=@OLD_SQL_MODE */;
/*!40014 SET FOREIGN_KEY_CHECKS=@OLD_FOREIGN_KEY_CHECKS */;
/*!40014 SET UNIQUE_CHECKS=@OLD_UNIQUE_CHECKS */;
/*!40101 SET CHARACTER_SET_CLIENT=@OLD_CHARACTER_SET_CLIENT */;
/*!40101 SET CHARACTER_SET_RESULTS=@OLD_CHARACTER_SET_RESULTS */;
/*!40101 SET COLLATION_CONNECTION=@OLD_COLLATION_CONNECTION */;
/*!40111 SET SQL_NOTES=@OLD_SQL_NOTES */;

-- Dump completed on 2018-03-22 22:31:15
