USE scouting;

INSERT INTO scouting.survey (id) VALUES (1);
INSERT INTO scouting.event (id, survey_id, name, city, state, start_date, current) VALUES (1, 1, 'test', 'test', 'MN', curdate(), 1);
INSERT INTO scouting.matchup (id, event_id, start_time, match_number, type) VALUES (1, 1, now(), 1, 'test');
INSERT INTO scouting.team (id, name, school, city, state) VALUES (1, 'test', 'test', 'test', 'MN');
INSERT INTO scouting.student (id, first_name, last_name) VALUES (1, 'first', 'last');
INSERT INTO scouting.team_matchup (id, matchup_id, team_id, alliance) VALUES (1, 1, 1, 'red');

INSERT INTO scouting.question_type (id, description) VALUES (1, 'boolean');
INSERT INTO scouting.response_value (id, question_type_id, value) VALUES (1, 1, 'true');
INSERT INTO scouting.response_value (id, question_type_id, value) VALUES (2, 1, 'false');
INSERT INTO scouting.question_type (id, description) VALUES (2, 'numeric');
INSERT INTO scouting.question_type (id, description) VALUES (3, 'choice');
INSERT INTO scouting.response_value (id, question_type_id, value) VALUES (3, 3, '1');
INSERT INTO scouting.response_value (id, question_type_id, value) VALUES (4, 3, '2');
INSERT INTO scouting.response_value (id, question_type_id, value) VALUES (5, 3, '3');

INSERT INTO survey_section (id, survey_id, name, sequence) VALUES (1,1,'Autonomus',1);
INSERT INTO survey_section (id, survey_id, name, sequence) VALUES (2,1,'Teleop',2);
INSERT INTO survey_section (id, survey_id, name, sequence) VALUES (3,1,'End Game Climb',3);
INSERT INTO survey_section (id, survey_id, name, sequence) VALUES (4,1,'Vault',4);
INSERT INTO survey_section (id, survey_id, name, sequence) VALUES (5,1,'Other',5);

INSERT INTO scouting.question (id, question_type_id, question, survey_section_id, sequence) VALUES (1, 1, 'Auto (moved)', 1, 1);
INSERT INTO scouting.question (id, question_type_id, question, survey_section_id, sequence) VALUES (2, 1, 'Cross Line', 1, 2);
INSERT INTO scouting.question (id, question_type_id, question, survey_section_id, sequence) VALUES (3, 1, 'Power Cube on Switch', 1, 3);
INSERT INTO scouting.question (id, question_type_id, question, survey_section_id, sequence) VALUES (4, 1, 'Power Cube on Scale', 1, 4);
INSERT INTO scouting.question (id, question_type_id, question, survey_section_id, sequence) VALUES (5, 1, 'Power Cube in Exchange', 1, 5);
INSERT INTO scouting.question (id, question_type_id, question, survey_section_id, sequence) VALUES (6, 2, 'Power Cube on Switch - Attempt', 2, 6);
INSERT INTO scouting.question (id, question_type_id, question, survey_section_id, sequence) VALUES (7, 2, 'Power Cube on Switch - Succeed', 2, 7);
INSERT INTO scouting.question (id, question_type_id, question, survey_section_id, sequence) VALUES (8, 2, 'Power Cube on Scale - Attempt', 2, 8);
INSERT INTO scouting.question (id, question_type_id, question, survey_section_id, sequence) VALUES (9, 2, 'Power Cube on Scale - Succeed', 2, 9);
INSERT INTO scouting.question (id, question_type_id, question, survey_section_id, sequence) VALUES (10, 2, 'Power Cube on Opponent Switch - Attempt', 2, 10);
INSERT INTO scouting.question (id, question_type_id, question, survey_section_id, sequence) VALUES (11, 2, 'Power Cube on Opponent Switch - Succeed', 2, 11);
INSERT INTO scouting.question (id, question_type_id, question, survey_section_id, sequence) VALUES (12, 1, 'Cubes in Exchange', 2, 12);
INSERT INTO scouting.question (id, question_type_id, question, survey_section_id, sequence) VALUES (13, 1, 'Cubes from Portal', 2, 13);
INSERT INTO scouting.question (id, question_type_id, question, survey_section_id, sequence) VALUES (14, 1, 'Got on Pad', 3, 14);
INSERT INTO scouting.question (id, question_type_id, question, survey_section_id, sequence) VALUES (15, 2, 'Climb Attempt - Attempt', 3, 15);
INSERT INTO scouting.question (id, question_type_id, question, survey_section_id, sequence) VALUES (16, 2, 'Climb Attempt - Succeed', 3, 16);
INSERT INTO scouting.question (id, question_type_id, question, survey_section_id, sequence) VALUES (17, 2, 'Assist Climb - Attempt', 3, 17);
INSERT INTO scouting.question (id, question_type_id, question, survey_section_id, sequence) VALUES (18, 2, 'Assist Climb - Succeed', 3, 18);
INSERT INTO scouting.question (id, question_type_id, question, survey_section_id, sequence) VALUES (19, 3, 'Force - cube count', 4, 19);
INSERT INTO scouting.question (id, question_type_id, question, survey_section_id, sequence) VALUES (20, 3, 'Levitate	- cube count', 4, 20);
INSERT INTO scouting.question (id, question_type_id, question, survey_section_id, sequence) VALUES (21, 3, 'Boost - cube count', 4, 21);
INSERT INTO scouting.question (id, question_type_id, question, survey_section_id, sequence) VALUES (22, 2, 'Alliance Score', 5, 22);
INSERT INTO scouting.question (id, question_type_id, question, survey_section_id, sequence) VALUES (23, 1, 'Win', 5, 23);
INSERT INTO scouting.question (id, question_type_id, question, survey_section_id, sequence) VALUES (24, 1, 'Tie', 5, 24);
INSERT INTO scouting.question (id, question_type_id, question, survey_section_id, sequence) VALUES (25, 1, 'Loss', 5, 25);
INSERT INTO scouting.question (id, question_type_id, question, survey_section_id, sequence) VALUES (26, 2, 'Foul', 5, 26);
INSERT INTO scouting.question (id, question_type_id, question, survey_section_id, sequence) VALUES (27, 2, 'Tech Foul', 5, 27);
INSERT INTO scouting.question (id, question_type_id, question, survey_section_id, sequence) VALUES (28, 1, 'Yellow Card', 5, 28);
INSERT INTO scouting.question (id, question_type_id, question, survey_section_id, sequence) VALUES (29, 1, 'Red Card', 5, 29);

-- Insert into team
INSERT INTO team (id, name, school, city, state) VALUES (27,'Team RUSH','unknown','Clarkston','MI');
INSERT INTO team (id, name, school, city, state) VALUES (525,'Swartdogs','unknown','Cedar Falls','IA');
INSERT INTO team (id, name, school, city, state) VALUES (876,'Thunder Robotics','unknown','Northwood','ND');
INSERT INTO team (id, name, school, city, state) VALUES (877,'North Star','unknown','Cando','ND');
INSERT INTO team (id, name, school, city, state) VALUES (1792,'Round Table Robotics','unknown','Oak Creek','WI');
INSERT INTO team (id, name, school, city, state) VALUES (2175,'The Fighting Calculators','unknown','Saint Paul','MN');
INSERT INTO team (id, name, school, city, state) VALUES (2202,'BEAST Robotics','unknown','Brookfield','WI');
INSERT INTO team (id, name, school, city, state) VALUES (2491,'No Mythic','unknown','Saint Paul','MN');
INSERT INTO team (id, name, school, city, state) VALUES (2499,'Industrial Revolution','unknown','Hibbing','MN');
INSERT INTO team (id, name, school, city, state) VALUES (2501,'Bionic Polars','unknown','North St. Paul','MN');
INSERT INTO team (id, name, school, city, state) VALUES (2502,'Talon Robotics','unknown','Eden Prairie','MN');
INSERT INTO team (id, name, school, city, state) VALUES (2509,'Tigerbots','unknown','Hutchinson','MN');
INSERT INTO team (id, name, school, city, state) VALUES (2512,'Duluth East Daredevils','unknown','Duluth','MN');
INSERT INTO team (id, name, school, city, state) VALUES (2518,'Spartan Robotics','unknown','Inver Grove Heights','MN');
INSERT INTO team (id, name, school, city, state) VALUES (2823,'The Automations','unknown','Saint Paul','MN');
INSERT INTO team (id, name, school, city, state) VALUES (2846,'FireBears','unknown','Saint Paul','MN');
INSERT INTO team (id, name, school, city, state) VALUES (2861,'Infinity''s End','unknown','Lake City','MN');
INSERT INTO team (id, name, school, city, state) VALUES (2883,'F.R.E.D (Fighting Rednecks Engineering and Design)','unknown','Warroad','MN');
INSERT INTO team (id, name, school, city, state) VALUES (2987,'Rogue Robotics','unknown','Farmington','MN');
INSERT INTO team (id, name, school, city, state) VALUES (2989,'Star Tech','unknown','Richfield','MN');
INSERT INTO team (id, name, school, city, state) VALUES (3026,'Orange Crush Robotics','unknown','Delano','MN');
INSERT INTO team (id, name, school, city, state) VALUES (3036,'DROBA Warriors','unknown','Deer River','MN');
INSERT INTO team (id, name, school, city, state) VALUES (3122,'The Aluminators','unknown','New Ulm','MN');
INSERT INTO team (id, name, school, city, state) VALUES (3130,'The ERRORs','unknown','Woodbury','MN');
INSERT INTO team (id, name, school, city, state) VALUES (3212,'YME Stingbots','unknown','Granite Falls','MN');
INSERT INTO team (id, name, school, city, state) VALUES (3267,'Full Metal Jackets','unknown','Perham','MN');
INSERT INTO team (id, name, school, city, state) VALUES (3297,'Mariner Robotics','unknown','Silver Bay','MN');
INSERT INTO team (id, name, school, city, state) VALUES (3298,'ArrowBots','unknown','Pipestone','MN');
INSERT INTO team (id, name, school, city, state) VALUES (3313,'Mechatronics','unknown','Alexandria','MN');
INSERT INTO team (id, name, school, city, state) VALUES (3367,'Circle of Life Academy','unknown','White Earth','MN');
INSERT INTO team (id, name, school, city, state) VALUES (3723,'TEKnights','unknown','Spring Valley','MN');
INSERT INTO team (id, name, school, city, state) VALUES (3754,'TrekNorth First City Robotics','unknown','Bemidji','MN');
INSERT INTO team (id, name, school, city, state) VALUES (3883,'Data Bits','unknown','Cottage Grove','MN');
INSERT INTO team (id, name, school, city, state) VALUES (4054,'Robo Raiders','unknown','La Crosse','WI');
INSERT INTO team (id, name, school, city, state) VALUES (4174,'Mustands','unknown','Hector','MN');
INSERT INTO team (id, name, school, city, state) VALUES (4226,'Huskies','unknown','Albany','MN');
INSERT INTO team (id, name, school, city, state) VALUES (4239,'WARPSPEED','unknown','Wilmar','MN');
INSERT INTO team (id, name, school, city, state) VALUES (4506,'PioNerds','unknown','Saint Paul','MN');
INSERT INTO team (id, name, school, city, state) VALUES (4607,'C.I.S,','unknown','Becker','MN');
INSERT INTO team (id, name, school, city, state) VALUES (4623,'Flyer Robotics','unknown','Little Falls','MN');
INSERT INTO team (id, name, school, city, state) VALUES (4624,'Rebel Alliance','unknown','Owatonna','MN');
INSERT INTO team (id, name, school, city, state) VALUES (4656,'Rock Solid Robotics','unknown','Two Harbors','MN');
INSERT INTO team (id, name, school, city, state) VALUES (4665,'Predators','unknown','Glencoe','MN');
INSERT INTO team (id, name, school, city, state) VALUES (4786,'Nicolet FEAR','unknown','Milwaukee','MN');
INSERT INTO team (id, name, school, city, state) VALUES (4859,'The CyBears','unknown','Byron','MN');
INSERT INTO team (id, name, school, city, state) VALUES (5143,'ThunderHauks','unknown','Grand Rapids','MN');
INSERT INTO team (id, name, school, city, state) VALUES (5172,'Gators','unknown','Greenbush','MN');
INSERT INTO team (id, name, school, city, state) VALUES (5232,'Talons','unknown','Hermantown','MN');
INSERT INTO team (id, name, school, city, state) VALUES (5348,'Charger Robotics','unknown','Cokato','MN');
INSERT INTO team (id, name, school, city, state) VALUES (5595,'NRHS TigerBytes','unknown','New Richmond','MN');
INSERT INTO team (id, name, school, city, state) VALUES (5653,'Iron Mosquitos','unknown','Babbitt','MN');
INSERT INTO team (id, name, school, city, state) VALUES (5720,'Jagobotics','unknown','Hinkley','MN');
INSERT INTO team (id, name, school, city, state) VALUES (5882,'Titan Robotics','unknown','Twin Valley','MN');
INSERT INTO team (id, name, school, city, state) VALUES (5929,'The Marauders','unknown','Lake Park','MN');
INSERT INTO team (id, name, school, city, state) VALUES (6044,'Circuit Breakers','unknown','Moose Lake','MN');
INSERT INTO team (id, name, school, city, state) VALUES (6132,'Iron Rangers','unknown','Crosby','MN');
INSERT INTO team (id, name, school, city, state) VALUES (6628,'KMS Robotics','unknown','Kerkoven','MN');
INSERT INTO team (id, name, school, city, state) VALUES (6707,'RCW Jaguar Robosapiens','unknown','Renville','MN');
INSERT INTO team (id, name, school, city, state) VALUES (6758,'Otternauts','unknown','Kasson','MN');

-- Inserts for matchup
INSERT INTO matchup (id, event_id,start_time, match_number, type) VALUES (3, 1,'2017-03-03 9:00',1,'qualifier');
INSERT INTO matchup (id, event_id,start_time, match_number, type) VALUES (4, 1,'2017-03-03 9:14',2,'qualifier');
INSERT INTO matchup (id, event_id,start_time, match_number, type) VALUES (5, 1,'2017-03-03 9:28',3,'qualifier');
INSERT INTO matchup (id, event_id,start_time, match_number, type) VALUES (6, 1,'2017-03-03 9:43',4,'qualifier');
INSERT INTO matchup (id, event_id,start_time, match_number, type) VALUES (7, 1,'2017-03-03 9:57',5,'qualifier');
INSERT INTO matchup (id, event_id,start_time, match_number, type) VALUES (8, 1,'2017-03-03 10:12',6,'qualifier');
INSERT INTO matchup (id, event_id,start_time, match_number, type) VALUES (9, 1,'2017-03-03 10:26',7,'qualifier');
INSERT INTO matchup (id, event_id,start_time, match_number, type) VALUES (10, 1,'2017-03-03 10:40',8,'qualifier');
INSERT INTO matchup (id, event_id,start_time, match_number, type) VALUES (11, 1,'2017-03-03 10:55',9,'qualifier');
INSERT INTO matchup (id, event_id,start_time, match_number, type) VALUES (12, 1,'2017-03-03 11:09',10,'qualifier');
INSERT INTO matchup (id, event_id,start_time, match_number, type) VALUES (13, 1,'2017-03-03 11:24',11,'qualifier');
INSERT INTO matchup (id, event_id,start_time, match_number, type) VALUES (14, 1,'2017-03-03 11:38',12,'qualifier');
INSERT INTO matchup (id, event_id,start_time, match_number, type) VALUES (15, 1,'2017-03-03 11:52',13,'qualifier');
INSERT INTO matchup (id, event_id,start_time, match_number, type) VALUES (16, 1,'2017-03-03 12:07',14,'qualifier');
INSERT INTO matchup (id, event_id,start_time, match_number, type) VALUES (17, 1,'2017-03-03 12:21',15,'qualifier');
INSERT INTO matchup (id, event_id,start_time, match_number, type) VALUES (18, 1,'2017-03-03 12:36',16,'qualifier');
INSERT INTO matchup (id, event_id,start_time, match_number, type) VALUES (19, 1,'2017-03-03 12:50',17,'qualifier');
INSERT INTO matchup (id, event_id,start_time, match_number, type) VALUES (20, 1,'2017-03-03 13:04',18,'qualifier');
INSERT INTO matchup (id, event_id,start_time, match_number, type) VALUES (21, 1,'2017-03-03 13:19',19,'qualifier');
INSERT INTO matchup (id, event_id,start_time, match_number, type) VALUES (22, 1,'2017-03-03 13:33',20,'qualifier');
INSERT INTO matchup (id, event_id,start_time, match_number, type) VALUES (23, 1,'2017-03-03 13:48',21,'qualifier');
INSERT INTO matchup (id, event_id,start_time, match_number, type) VALUES (24, 1,'2017-03-03 14:02',22,'qualifier');
INSERT INTO matchup (id, event_id,start_time, match_number, type) VALUES (25, 1,'2017-03-03 14:16',23,'qualifier');
INSERT INTO matchup (id, event_id,start_time, match_number, type) VALUES (26, 1,'2017-03-03 14:31',24,'qualifier');
INSERT INTO matchup (id, event_id,start_time, match_number, type) VALUES (27, 1,'2017-03-03 14:45',25,'qualifier');
INSERT INTO matchup (id, event_id,start_time, match_number, type) VALUES (28, 1,'2017-03-03 15:00',26,'qualifier');
INSERT INTO matchup (id, event_id,start_time, match_number, type) VALUES (29, 1,'2017-03-03 15:14',27,'qualifier');
INSERT INTO matchup (id, event_id,start_time, match_number, type) VALUES (30, 1,'2017-03-03 15:28',28,'qualifier');
INSERT INTO matchup (id, event_id,start_time, match_number, type) VALUES (31, 1,'2017-03-04 15:43',29,'qualifier');
INSERT INTO matchup (id, event_id,start_time, match_number, type) VALUES (32, 1,'2017-03-04 15:57',30,'qualifier');
INSERT INTO matchup (id, event_id,start_time, match_number, type) VALUES (33, 1,'2017-03-04 16:12',31,'qualifier');
INSERT INTO matchup (id, event_id,start_time, match_number, type) VALUES (34, 1,'2017-03-04 16:26',32,'qualifier');
INSERT INTO matchup (id, event_id,start_time, match_number, type) VALUES (35, 1,'2017-03-04 16:40',33,'qualifier');
INSERT INTO matchup (id, event_id,start_time, match_number, type) VALUES (36, 1,'2017-03-04 16:55',34,'qualifier');
INSERT INTO matchup (id, event_id,start_time, match_number, type) VALUES (37, 1,'2017-03-04 17:09',35,'qualifier');
INSERT INTO matchup (id, event_id,start_time, match_number, type) VALUES (38, 1,'2017-03-04 17:24',36,'qualifier');
INSERT INTO matchup (id, event_id,start_time, match_number, type) VALUES (39, 1,'2017-03-04 17:44',37,'qualifier');
INSERT INTO matchup (id, event_id,start_time, match_number, type) VALUES (40, 1,'2017-03-04 9:00',38,'qualifier');
INSERT INTO matchup (id, event_id,start_time, match_number, type) VALUES (41, 1,'2017-03-04 9:20',39,'qualifier');
INSERT INTO matchup (id, event_id,start_time, match_number, type) VALUES (42, 1,'2017-03-04 9:40',40,'qualifier');
INSERT INTO matchup (id, event_id,start_time, match_number, type) VALUES (43, 1,'2017-03-04 10:00',41,'qualifier');
INSERT INTO matchup (id, event_id,start_time, match_number, type) VALUES (44, 1,'2017-03-04 10:20',42,'qualifier');
INSERT INTO matchup (id, event_id,start_time, match_number, type) VALUES (45, 1,'2017-03-04 10:40',43,'qualifier');
INSERT INTO matchup (id, event_id,start_time, match_number, type) VALUES (46, 1,'2017-03-04 11:00',44,'qualifier');
INSERT INTO matchup (id, event_id,start_time, match_number, type) VALUES (47, 1,'2017-03-04 11:21',45,'qualifier');
INSERT INTO matchup (id, event_id,start_time, match_number, type) VALUES (48, 1,'2017-03-04 11:41',46,'qualifier');
INSERT INTO matchup (id, event_id,start_time, match_number, type) VALUES (49, 1,'2017-03-04 12:01',47,'qualifier');
INSERT INTO matchup (id, event_id,start_time, match_number, type) VALUES (50, 1,'2017-03-04 12:21',48,'qualifier');
INSERT INTO matchup (id, event_id,start_time, match_number, type) VALUES (51, 1,'2017-03-04 12:41',49,'qualifier');
INSERT INTO matchup (id, event_id,start_time, match_number, type) VALUES (52, 1,'2017-03-04 13:01',50,'qualifier');
INSERT INTO matchup (id, event_id,start_time, match_number, type) VALUES (53, 1,'2017-03-04 13:22',51,'qualifier');
INSERT INTO matchup (id, event_id,start_time, match_number, type) VALUES (54, 1,'2017-03-04 13:42',52,'qualifier');
INSERT INTO matchup (id, event_id,start_time, match_number, type) VALUES (55, 1,'2017-03-04 14:02',53,'qualifier');
INSERT INTO matchup (id, event_id,start_time, match_number, type) VALUES (56, 1,'2017-03-04 14:22',54,'qualifier');
INSERT INTO matchup (id, event_id,start_time, match_number, type) VALUES (57, 1,'2017-03-04 14:42',55,'qualifier');
INSERT INTO matchup (id, event_id,start_time, match_number, type) VALUES (58, 1,'2017-03-04 15:02',56,'qualifier');
INSERT INTO matchup (id, event_id,start_time, match_number, type) VALUES (59, 1,'2017-03-04 15:23',57,'qualifier');
INSERT INTO matchup (id, event_id,start_time, match_number, type) VALUES (60, 1,'2017-03-04 15:43',58,'qualifier');
INSERT INTO matchup (id, event_id,start_time, match_number, type) VALUES (61, 1,'2017-03-04 16:03',59,'qualifier');
INSERT INTO matchup (id, event_id,start_time, match_number, type) VALUES (62, 1,'2017-03-04 16:23',60,'qualifier');
INSERT INTO matchup (id, event_id,start_time, match_number, type) VALUES (63, 1,'2017-03-04 16:43',61,'qualifier');
INSERT INTO matchup (id, event_id,start_time, match_number, type) VALUES (64, 1,'2017-03-04 17:03',62,'qualifier');
INSERT INTO matchup (id, event_id,start_time, match_number, type) VALUES (65, 1,'2017-03-04 17:24',63,'qualifier');
INSERT INTO matchup (id, event_id,start_time, match_number, type) VALUES (66, 1,'2017-03-04 17:44',64,'qualifier');
INSERT INTO matchup (id, event_id,start_time, match_number, type) VALUES (67, 1,'2017-03-04 18:04',65,'qualifier');
INSERT INTO matchup (id, event_id,start_time, match_number, type) VALUES (68, 1,'2017-03-04 18:24',66,'qualifier');
INSERT INTO matchup (id, event_id,start_time, match_number, type) VALUES (69, 1,'2017-03-04 18:44',67,'qualifier');
INSERT INTO matchup (id, event_id,start_time, match_number, type) VALUES (70, 1,'2017-03-04 19:04',68,'qualifier');
INSERT INTO matchup (id, event_id,start_time, match_number, type) VALUES (71, 1,'2017-03-04 19:24',69,'qualifier');
INSERT INTO matchup (id, event_id,start_time, match_number, type) VALUES (72, 1,'2017-03-04 19:45',70,'qualifier');
INSERT INTO matchup (id, event_id,start_time, match_number, type) VALUES (73, 1,'2017-03-04 20:05',71,'qualifier');
INSERT INTO matchup (id, event_id,start_time, match_number, type) VALUES (74, 1,'2017-03-04 20:25',72,'qualifier');
INSERT INTO matchup (id, event_id,start_time, match_number, type) VALUES (75, 1,'2017-03-04 20:45',73,'qualifier');
INSERT INTO matchup (id, event_id,start_time, match_number, type) VALUES (76, 1,'2017-03-04 21:05',74,'qualifier');
INSERT INTO matchup (id, event_id,start_time, match_number, type) VALUES (77, 1,'2017-03-04 21:25',75,'qualifier');
INSERT INTO matchup (id, event_id,start_time, match_number, type) VALUES (78, 1,'2017-03-04 21:46',76,'qualifier');
INSERT INTO matchup (id, event_id,start_time, match_number, type) VALUES (79, 1,'2017-03-04 22:06',77,'qualifier');
INSERT INTO matchup (id, event_id,start_time, match_number, type) VALUES (80, 1,'2017-03-04 22:26',78,'qualifier');
INSERT INTO matchup (id, event_id,start_time, match_number, type) VALUES (81, 1,'2017-03-04 22:46',79,'qualifier');
INSERT INTO matchup (id, event_id,start_time, match_number, type) VALUES (82, 1,'2017-03-04 23:06',80,'qualifier');

-- Team Matchup inserts
INSERT INTO team_matchup (matchup_id, team_id, alliance) VALUES (3, 2883, 'red');
INSERT INTO team_matchup (matchup_id, team_id, alliance) VALUES (3, 6707, 'red');
INSERT INTO team_matchup (matchup_id, team_id, alliance) VALUES (3, 4665, 'red');
INSERT INTO team_matchup (matchup_id, team_id, alliance) VALUES (3, 1792, 'blue');
INSERT INTO team_matchup (matchup_id, team_id, alliance) VALUES (3, 2989, 'blue');
INSERT INTO team_matchup (matchup_id, team_id, alliance) VALUES (3, 4239, 'blue');
INSERT INTO team_matchup (matchup_id, team_id, alliance) VALUES (4, 5720, 'red');
INSERT INTO team_matchup (matchup_id, team_id, alliance) VALUES (4, 3298, 'red');
INSERT INTO team_matchup (matchup_id, team_id, alliance) VALUES (4, 4624, 'red');
INSERT INTO team_matchup (matchup_id, team_id, alliance) VALUES (4, 4174, 'blue');
INSERT INTO team_matchup (matchup_id, team_id, alliance) VALUES (4, 4226, 'blue');
INSERT INTO team_matchup (matchup_id, team_id, alliance) VALUES (4, 3130, 'blue');
INSERT INTO team_matchup (matchup_id, team_id, alliance) VALUES (5, 27, 'red');
INSERT INTO team_matchup (matchup_id, team_id, alliance) VALUES (5, 3212, 'red');
INSERT INTO team_matchup (matchup_id, team_id, alliance) VALUES (5, 5882, 'red');
INSERT INTO team_matchup (matchup_id, team_id, alliance) VALUES (5, 3367, 'blue');
INSERT INTO team_matchup (matchup_id, team_id, alliance) VALUES (5, 4859, 'blue');
INSERT INTO team_matchup (matchup_id, team_id, alliance) VALUES (5, 2502, 'blue');
INSERT INTO team_matchup (matchup_id, team_id, alliance) VALUES (6, 5232, 'red');
INSERT INTO team_matchup (matchup_id, team_id, alliance) VALUES (6, 5595, 'red');
INSERT INTO team_matchup (matchup_id, team_id, alliance) VALUES (6, 2499, 'red');
INSERT INTO team_matchup (matchup_id, team_id, alliance) VALUES (6, 2987, 'blue');
INSERT INTO team_matchup (matchup_id, team_id, alliance) VALUES (6, 3122, 'blue');
INSERT INTO team_matchup (matchup_id, team_id, alliance) VALUES (6, 3754, 'blue');
INSERT INTO team_matchup (matchup_id, team_id, alliance) VALUES (7, 2175, 'red');
INSERT INTO team_matchup (matchup_id, team_id, alliance) VALUES (7, 6758, 'red');
INSERT INTO team_matchup (matchup_id, team_id, alliance) VALUES (7, 877, 'red');
INSERT INTO team_matchup (matchup_id, team_id, alliance) VALUES (7, 5653, 'blue');
INSERT INTO team_matchup (matchup_id, team_id, alliance) VALUES (7, 6132, 'blue');
INSERT INTO team_matchup (matchup_id, team_id, alliance) VALUES (7, 2846, 'blue');
